{
    "_sco2_deltaT_PHX": 1e+38,
    "_sco2_design_eff": 1e+38,
    "_sco2_eta_c": 1e+38,
    "_sco2_eta_t": 1e+38,
    "_sco2_P_high_limit": 1e+38,
    "_sco2_P_ref": 1e+38,
    "_sco2_recup_eff_max": 1e+38,
    "_sco2_T_amb_des": 1e+38,
    "_sco2_T_approach": 1e+38,
    "_sco2_T_htf_hot_des": 1e+38,
    "adjust:constant": 4,
    "aux_par": 0.023,
    "aux_par_0": 0.483,
    "aux_par_1": 0.571,
    "aux_par_2": 0,
    "aux_par_f": 1,
    "bop_par": 0,
    "bop_par_0": 0,
    "bop_par_1": 0.483,
    "bop_par_2": 0,
    "bop_par_f": 1,
    "bop_spec_cost": 290,
    "c_atm_0": 0.006789,
    "c_atm_1": 0.1046,
    "c_atm_2": -0.017,
    "c_atm_3": 0.002845,
    "cant_type": 1,
    "check_max_flux": 0,
    "cold_tank_max_heat": 15,
    "cold_tank_Thtr": 280,
    "const_per_interest_rate1": 4,
    "const_per_interest_rate2": 0,
    "const_per_interest_rate3": 0,
    "const_per_interest_rate4": 0,
    "const_per_interest_rate5": 0,
    "const_per_months1": 24,
    "const_per_months2": 0,
    "const_per_months3": 0,
    "const_per_months4": 0,
    "const_per_months5": 0,
    "const_per_percent1": 100,
    "const_per_percent2": 0,
    "const_per_percent3": 0,
    "const_per_percent4": 0,
    "const_per_percent5": 0,
    "const_per_upfront_rate1": 1,
    "const_per_upfront_rate2": 0,
    "const_per_upfront_rate3": 0,
    "const_per_upfront_rate4": 0,
    "const_per_upfront_rate5": 0,
    "contingency_rate": 7,
    "cost_sf_fixed": 0,
    "csp.pt.cost.epc.fixed": 0,
    "csp.pt.cost.epc.per_acre": 0,
    "csp.pt.cost.epc.per_watt": 0,
    "csp.pt.cost.epc.percent": 13,
    "csp.pt.cost.plm.fixed": 0,
    "csp.pt.cost.plm.per_watt": 0,
    "csp.pt.cost.plm.percent": 0,
    "csp.pt.rec.max_oper_frac": 1.2,
    "csp.pt.sf.fixed_land_area": 45,
    "csp.pt.sf.land_overhead_factor": 1,
    "csp.pt.tes.init_hot_htf_percent": 30,
    "CT": 2,
    "ctes_cost": 0.699999988079071,
    "ctes_field_fl": 4,
    "ctes_tankpairs": 1,
    "ctes_tshours": 15,
    "ctes_type": 0,
    "cycle_cutoff_frac": 0.2,
    "cycle_max_frac": 1.05,
    "D_rad_tubes": 0.02,
    "D_rec": 17.65,
    "d_tube_out": 40,
    "delta_flux_hrs": 2,
    "deltaT_PHX": 20,
    "dens_mirror": 0.97,
    "design_eff": 0.412,
    "disp_csu_cost": 10000,
    "disp_frequency": 24,
    "disp_horizon": 48,
    "disp_inventory_incentive": 0.0,
    "disp_max_iter": 35000,
    "disp_mip_gap": 0.001,
    "disp_pen_delta_w": 0.1,
    "disp_rsu_cost": 950,
    "disp_time_weighting": 0.999,
    "disp_timeout": 5,
    "dispatch_factor1": 2.064,
    "dispatch_factor2": 1.2,
    "dispatch_factor3": 1,
    "dispatch_factor4": 1.1,
    "dispatch_factor5": 0.8,
    "dispatch_factor6": 0.7,
    "dispatch_factor7": 1,
    "dispatch_factor8": 1,
    "dispatch_factor9": 1,
    "dispatch_sched_weekday": 
    [ [ 6, 6, 6, 6, 6, 6, 5, 5, 4, 4, 4, 4, 4, 4, 4, 4, 4, 4, 4, 4, 4, 5, 5, 5 ], 
    [ 6, 6, 6, 6, 6, 6, 5, 5, 4, 4, 4, 4, 4, 4, 4, 4, 4, 4, 4, 4, 4, 5, 5, 5 ], 
    [ 6, 6, 6, 6, 6, 6, 5, 5, 4, 4, 4, 4, 4, 4, 4, 4, 4, 4, 4, 4, 4, 5, 5, 5 ], 
    [ 6, 6, 6, 6, 6, 6, 5, 5, 4, 4, 4, 4, 4, 4, 4, 4, 4, 4, 4, 4, 4, 5, 5, 5 ], 
    [ 6, 6, 6, 6, 6, 6, 5, 5, 4, 4, 4, 4, 4, 4, 4, 4, 4, 4, 4, 4, 4, 5, 5, 5 ], 
    [ 3, 3, 3, 3, 3, 3, 3, 3, 2, 2, 2, 2, 1, 1, 1, 1, 1, 1, 2, 2, 2, 3, 3, 3 ], 
    [ 3, 3, 3, 3, 3, 3, 3, 3, 2, 2, 2, 2, 1, 1, 1, 1, 1, 1, 2, 2, 2, 3, 3, 3 ], 
    [ 3, 3, 3, 3, 3, 3, 3, 3, 2, 2, 2, 2, 1, 1, 1, 1, 1, 1, 2, 2, 2, 3, 3, 3 ], 
    [ 3, 3, 3, 3, 3, 3, 3, 3, 2, 2, 2, 2, 1, 1, 1, 1, 1, 1, 2, 2, 2, 3, 3, 3 ], 
    [ 6, 6, 6, 6, 6, 6, 5, 5, 4, 4, 4, 4, 4, 4, 4, 4, 4, 4, 4, 4, 4, 5, 5, 5 ], 
    [ 6, 6, 6, 6, 6, 6, 5, 5, 4, 4, 4, 4, 4, 4, 4, 4, 4, 4, 4, 4, 4, 5, 5, 5 ], 
    [ 6, 6, 6, 6, 6, 6, 5, 5, 4, 4, 4, 4, 4, 4, 4, 4, 4, 4, 4, 4, 4, 5, 5, 5 ] ],
    "dispatch_sched_weekend": 
    [ [ 6, 6, 6, 6, 6, 6, 5, 5, 5, 5, 5, 5, 5, 5, 5, 5, 5, 5, 5, 5, 5, 5, 5, 5 ], 
    [ 6, 6, 6, 6, 6, 6, 5, 5, 5, 5, 5, 5, 5, 5, 5, 5, 5, 5, 5, 5, 5, 5, 5, 5 ], 
    [ 6, 6, 6, 6, 6, 6, 5, 5, 5, 5, 5, 5, 5, 5, 5, 5, 5, 5, 5, 5, 5, 5, 5, 5 ], 
    [ 6, 6, 6, 6, 6, 6, 5, 5, 5, 5, 5, 5, 5, 5, 5, 5, 5, 5, 5, 5, 5, 5, 5, 5 ], 
    [ 6, 6, 6, 6, 6, 6, 5, 5, 5, 5, 5, 5, 5, 5, 5, 5, 5, 5, 5, 5, 5, 5, 5, 5 ], 
    [ 3, 3, 3, 3, 3, 3, 3, 3, 3, 3, 3, 3, 3, 3, 3, 3, 3, 3, 3, 3, 3, 3, 3, 3 ], 
    [ 3, 3, 3, 3, 3, 3, 3, 3, 3, 3, 3, 3, 3, 3, 3, 3, 3, 3, 3, 3, 3, 3, 3, 3 ], 
    [ 3, 3, 3, 3, 3, 3, 3, 3, 3, 3, 3, 3, 3, 3, 3, 3, 3, 3, 3, 3, 3, 3, 3, 3 ], 
    [ 3, 3, 3, 3, 3, 3, 3, 3, 3, 3, 3, 3, 3, 3, 3, 3, 3, 3, 3, 3, 3, 3, 3, 3 ], 
    [ 6, 6, 6, 6, 6, 6, 5, 5, 5, 5, 5, 5, 5, 5, 5, 5, 5, 5, 5, 5, 5, 5, 5, 5 ], 
    [ 6, 6, 6, 6, 6, 6, 5, 5, 5, 5, 5, 5, 5, 5, 5, 5, 5, 5, 5, 5, 5, 5, 5, 5 ], 
    [ 6, 6, 6, 6, 6, 6, 5, 5, 5, 5, 5, 5, 5, 5, 5, 5, 5, 5, 5, 5, 5, 5, 5, 5 ] ],
    "dispatch_series": [ 0 ],
    "dni_des": 950,
    "downc_tm_mult": 1,
    "dT_cw_ref": 10,
    "epsilon": 0.88,
    "epsilon_radbot": 0.07,
    "epsilon_radgrnd": 0.9,
    "epsilon_radHX": 0.8,
    "epsilon_radtop": 0.95,
    "eta_c": 0.89,
    "eta_map_aod_format": 0,
    "eta_pump": 0.85,
    "eta_t": 0.9,
    "f_ctes_warm_ini": 0,
    "f_rec_min": 0.25,
    "f_turb_tou_periods": [ 1.05, 1, 1, 1, 1, 1, 1, 1, 1 ],
    "F_wc": [ 0, 0, 0, 0, 0, 0, 0, 0, 0 ],
    "fan_power_perc_net": 1.5,
    "field_fl_props": [ [ 0, 0, 0, 0, 0, 0, 0 ] ],
    "field_model_type": 2,
    "Flow_type": 1,
    "flux_max": 1000,
    "focus_type": 1,
    "fossil_spec_cost": 0,
    "gross_net_conversion_factor": 0.9,
    "h_ctes_tank": 30,
    "h_ctes_tank_min": 1,
    "h_tank": 12,
    "h_tank_min": 1,
    "h_tower": 193.458,
    "heat_trace_power": 500,
    "hel_stow_deploy": 8,
    "helio_active_fraction": 0.99,
    "helio_area_tot": 1269054.5,
    "helio_height": 12.2,
    "helio_optical_error_mrad": 1.53,
    "helio_reflectance": 0.9,
    "helio_width": 12.2,
    "heliostat_spec_cost": 140,
    "hl_ffact": 1,
    "hot_tank_max_heat": 30,
    "hot_tank_Thtr": 500,
    "is_dispatch": 0,
    "is_dispatch_series": 0,
    "is_dispatch_targets": 0,
    "is_rec_enforce_min_startup": 0,
    "is_rec_model_trans": 0,
    "is_rec_startup_from_T_soln": 0,
    "is_rec_startup_trans": 0,
    "is_sco2_preprocess": 0,
    "is_tod_pc_target_also_pc_max": 0,
    "is_wlim_series": 0,
    "k_panel": 235,
    "L_rad": 100,
    "L_rad_sections": 10,
    "land_area_base": 1847.04,
    "land_max": 9.5,
    "land_min": 0.75,
    "land_spec_cost": 10000,
    "m_dot_radpanel": 8,
    "mat_tube": 2,
    "n_facet_x": 2,
    "n_facet_y": 8,
    "n_flux_days": 8,
    "N_panels": 20,
    "n_pl_inc": 8,
    "n_rad_tubes": 100,
    "opt_algorithm": 1,
    "opt_conv_tol": 0.001,
    "opt_flux_penalty": 0.25,
    "opt_init_step": 0.06,
    "opt_max_iter": 200,
    "P_boil": 100,
    "P_cond_min": 2,
    "P_cond_ratio": 1.0028,
    "P_high_limit": 25,
    "P_ref": 115,
    "p_start": 0.025,
    "p_track": 0.055,
    "pb_bd_frac": 0.02,
    "pb_fixed_par": 0.0055,
    "pb_pump_coef": 0.55,
    "pc_config": 0,
    "piping_length_const": 0,
    "piping_length_mult": 2.6,
    "piping_loss": 10200,
    "plant_spec_cost": 1040,
    "ppa_multiplier_model": 0,
    "preheat_flux": 50,
    "preheat_target_Tdiff": 25,
    "q_sby_frac": 0.2,
    "rad_multiplier": 1.5,
    "rad_pressuredrop": 75,
    "radfluid_vol_ratio": 3,
    "radiator_fluidcost": 0.3400000035762787,
    "radiator_installcost": 22,
    "radiator_unitcost": 13,
    "rec_absorptance": 0.94,
    "rec_clearsky_model": 1,
    "rec_cost_exp": 0.7,
    "rec_height": 21.6029,
    "rec_hl_perm2": 30,
    "rec_htf": 17,
    "rec_qf_delay": 0.25,
    "rec_ref_area": 1571,
    "rec_ref_cost": 103000000,
    "rec_su_delay": 0.2,
    "rec_tm_mult": 1,
    "recup_eff_max": 0.96,
    "riser_tm_mult": 1,
    "sales_tax_frac": 80,
    "sales_tax_rate": 5,
    "sco2_cycle_config": 1,
    "sco2_T_amb_des": 35,
    "sco2_T_approach": 10,
    "sco2ud_m_dot_htf_high": 0,
    "sco2ud_m_dot_htf_ind_od": 
    [ [ 1, 1, 1, 1, 1, 1, 1, 1, 1, 1, 1, 1, 1 ], 
    [ 1, 1, 1, 1, 1, 1, 1, 1, 1, 1, 1, 1, 1 ], 
    [ 1, 1, 1, 1, 1, 1, 1, 1, 1, 1, 1, 1, 1 ] ],
    "sco2ud_m_dot_htf_low": 0,
    "sco2ud_T_amb_high": 0,
    "sco2ud_T_amb_ind_od": 
    [ [ 1, 1, 1, 1, 1, 1, 1, 1, 1, 1, 1, 1, 1 ], 
    [ 1, 1, 1, 1, 1, 1, 1, 1, 1, 1, 1, 1, 1 ], 
    [ 1, 1, 1, 1, 1, 1, 1, 1, 1, 1, 1, 1, 1 ] ],
    "sco2ud_T_amb_low": 0,
    "sco2ud_T_htf_cold_calc": 1e+38,
    "sco2ud_T_htf_high": 0,
    "sco2ud_T_htf_ind_od": 
    [ [ 1, 1, 1, 1, 1, 1, 1, 1, 1, 1, 1, 1, 1 ], 
    [ 1, 1, 1, 1, 1, 1, 1, 1, 1, 1, 1, 1, 1 ], 
    [ 1, 1, 1, 1, 1, 1, 1, 1, 1, 1, 1, 1, 1 ] ],
    "sco2ud_T_htf_low": 0,
    "sf_adjust:constant": 0,
    "sf_excess": 1,
    "site_spec_cost": 16,
    "solarm": 2.4,
    "startup_frac": 0.5,
    "startup_ramp_time": 0,
    "startup_target_Tdiff": -5,
    "startup_time": 0.5,
    "T_amb_des": 42,
    "T_approach": 5,
    "T_ctes_cold_design": 5,
    "T_ctes_cold_ini": 10,
    "T_ctes_warm_design": 10,
    "T_ctes_warm_ini": 20,
    "T_htf_cold_des": 290,
    "T_htf_hot_des": 574,
    "T_ITD_des": 16,
    "tank_pairs": 1,
    "tanks_in_parallel": 0,
    "tech_type": 1,
    "tes_spec_cost": 22,
    "th_rad_panel": 0.002,
    "th_riser": 15,
    "th_tube": 1.25,
    "time_start": 0,
    "time_steps_per_hour": 1,
    "time_stop": 31536000,
    "tower_exp": 0.0113,
    "tower_fixed_cost": 3000000,
    "tshours": 10,
    "u_ctes_tank": 0.4,
    "u_riser": 4,
    "u_tank": 0.4,
    "ud_f_W_dot_cool_des": 0,
    "ud_m_dot_water_cool_des": 0,
    "v_wind_max": 15,
    "W_rad_tubes": 0.05,
    "washing_frequency": 63,
    "water_usage_per_wash": 0.7,
    "weekday_schedule": 
    [ [ 6, 6, 6, 6, 6, 6, 5, 5, 4, 4, 4, 4, 4, 4, 4, 4, 4, 4, 4, 4, 4, 5, 5, 5 ], 
    [ 6, 6, 6, 6, 6, 6, 5, 5, 4, 4, 4, 4, 4, 4, 4, 4, 4, 4, 4, 4, 4, 5, 5, 5 ], 
    [ 6, 6, 6, 6, 6, 6, 5, 5, 4, 4, 4, 4, 4, 4, 4, 4, 4, 4, 4, 4, 4, 5, 5, 5 ], 
    [ 6, 6, 6, 6, 6, 6, 5, 5, 4, 4, 4, 4, 4, 4, 4, 4, 4, 4, 4, 4, 4, 5, 5, 5 ], 
    [ 6, 6, 6, 6, 6, 6, 5, 5, 4, 4, 4, 4, 4, 4, 4, 4, 4, 4, 4, 4, 4, 5, 5, 5 ], 
    [ 3, 3, 3, 3, 3, 3, 3, 3, 2, 2, 2, 2, 1, 1, 1, 1, 1, 1, 2, 2, 2, 3, 3, 3 ], 
    [ 3, 3, 3, 3, 3, 3, 3, 3, 2, 2, 2, 2, 1, 1, 1, 1, 1, 1, 2, 2, 2, 3, 3, 3 ], 
    [ 3, 3, 3, 3, 3, 3, 3, 3, 2, 2, 2, 2, 1, 1, 1, 1, 1, 1, 2, 2, 2, 3, 3, 3 ], 
    [ 3, 3, 3, 3, 3, 3, 3, 3, 2, 2, 2, 2, 1, 1, 1, 1, 1, 1, 2, 2, 2, 3, 3, 3 ], 
    [ 6, 6, 6, 6, 6, 6, 5, 5, 4, 4, 4, 4, 4, 4, 4, 4, 4, 4, 4, 4, 4, 5, 5, 5 ], 
    [ 6, 6, 6, 6, 6, 6, 5, 5, 4, 4, 4, 4, 4, 4, 4, 4, 4, 4, 4, 4, 4, 5, 5, 5 ], 
    [ 6, 6, 6, 6, 6, 6, 5, 5, 4, 4, 4, 4, 4, 4, 4, 4, 4, 4, 4, 4, 4, 5, 5, 5 ] ],
    "weekend_schedule": 
    [ [ 6, 6, 6, 6, 6, 6, 5, 5, 5, 5, 5, 5, 5, 5, 5, 5, 5, 5, 5, 5, 5, 5, 5, 5 ], 
    [ 6, 6, 6, 6, 6, 6, 5, 5, 5, 5, 5, 5, 5, 5, 5, 5, 5, 5, 5, 5, 5, 5, 5, 5 ], 
    [ 6, 6, 6, 6, 6, 6, 5, 5, 5, 5, 5, 5, 5, 5, 5, 5, 5, 5, 5, 5, 5, 5, 5, 5 ], 
    [ 6, 6, 6, 6, 6, 6, 5, 5, 5, 5, 5, 5, 5, 5, 5, 5, 5, 5, 5, 5, 5, 5, 5, 5 ], 
    [ 6, 6, 6, 6, 6, 6, 5, 5, 5, 5, 5, 5, 5, 5, 5, 5, 5, 5, 5, 5, 5, 5, 5, 5 ], 
    [ 3, 3, 3, 3, 3, 3, 3, 3, 3, 3, 3, 3, 3, 3, 3, 3, 3, 3, 3, 3, 3, 3, 3, 3 ], 
    [ 3, 3, 3, 3, 3, 3, 3, 3, 3, 3, 3, 3, 3, 3, 3, 3, 3, 3, 3, 3, 3, 3, 3, 3 ], 
    [ 3, 3, 3, 3, 3, 3, 3, 3, 3, 3, 3, 3, 3, 3, 3, 3, 3, 3, 3, 3, 3, 3, 3, 3 ], 
    [ 3, 3, 3, 3, 3, 3, 3, 3, 3, 3, 3, 3, 3, 3, 3, 3, 3, 3, 3, 3, 3, 3, 3, 3 ], 
    [ 6, 6, 6, 6, 6, 6, 5, 5, 5, 5, 5, 5, 5, 5, 5, 5, 5, 5, 5, 5, 5, 5, 5, 5 ], 
    [ 6, 6, 6, 6, 6, 6, 5, 5, 5, 5, 5, 5, 5, 5, 5, 5, 5, 5, 5, 5, 5, 5, 5, 5 ], 
    [ 6, 6, 6, 6, 6, 6, 5, 5, 5, 5, 5, 5, 5, 5, 5, 5, 5, 5, 5, 5, 5, 5, 5, 5 ] ]
}
