Time,Global Solar,Generic flat plate PV Solar Altitude,Generic flat plate PV Solar Azimuth,Generic flat plate PV Angle of Incidence,Generic flat plate PV Incident Solar,Generic flat plate PV Power Output,Wind Speed,Generic Wind 1MW Power Output,Generic Wind 1MW Operating Status,AC Primary Load,AC Primary Load Served,Autosize Genset Power Output,Autosize Genset Operating Status,Autosize Genset Fuel,Total Electrical Load Served,Renewable Penetration,Excess Electrical Production,Unmet Electrical Load,Total Renewable Power Output,Inverter Power Input,Inverter Power Output,Rectifier Power Input,Rectifier Power Output,Generic 1MWh Li-Ion Maximum Charge Power,Generic 1MWh Li-Ion Maximum Discharge Power,Generic 1MWh Li-Ion Charge Power,Generic 1MWh Li-Ion Discharge Power,Generic 1MWh Li-Ion Output Power,Generic 1MWh Li-Ion Energy Content,Generic 1MWh Li-Ion State of Charge,Generic 1MWh Li-Ion Energy Cost,AC Required Operating Capacity,DC Required Operating Capacity,AC Operating Capacity,DC Operating Capacity
,kW/m2,Â°,Â°,Â°,kW/m2,kW,m/s,kW,status,kW,kW,kW,status,L,kW,%,kW,kW,kW,kW,kW,kW,kW,kW,kW,kW,kW,kW,kWh,%,$/kWh,kW,kW,kW,kW
1/01/2007 0:00,0,0,-2.874114,90,0,0,4.601845,2171.045,0,9510.846,9510.846,0,0,0,9510.846,22.82704,0,0,2171.045,7726.106,7339.8,0,0,8011.105,50469.96,0,7726.106,7726.106,60255.98,79.28417,0,11547.45,0,2171.045,50469.96
1/01/2007 1:00,0,0,-19.3499,90,0,0,4.795791,2648.362,0,10975.92,10975.92,0,0,0,10975.92,24.12885,0,3.64E-12,2648.362,8765.846,8327.553,0,0,16595.67,42743.86,0,8765.846,8765.846,51015.97,67.12627,0,13397.69,0,2648.362,42743.86
1/01/2007 2:00,0,0,-33.88375,90,0,0,4.27441,1538.298,0,9206.903,9206.903,0,0,0,9206.903,16.7081,0,0,1538.298,8072.215,7668.605,0,0,26335.5,33978.01,0,8072.215,8072.215,42507.11,55.93039,0,10896.74,0,1538.298,33978.01
1/01/2007 3:00,0,0,-45.93515,90,0,0,2.382694,0,0,9893.637,9893.637,0,0,0,9893.637,0,0,1.82E-12,0,10414.35,9893.637,0,0,35304.62,25905.79,0,10414.35,10414.35,31529.41,41.48606,0,10883,0,0,25905.79
1/01/2007 4:00,0,0,-55.78521,90,0,0,3.034717,17.15329,0,6762.1,6762.1,0,0,0,6762.1,0.253668,0,9.09E-13,17.15329,7099.943,6744.946,0,0,46876.13,15491.44,0,7099.943,7099.943,24045.42,31.6387,0,7446.886,0,17.15329,15491.44
1/01/2007 5:00,0.03386842,1.886769,-63.9912,101.4563,0.01464096,215.9998,6.395593,7601.013,0,9190.214,9190.214,0,0,0,9190.214,85.05801,0,0,7817.013,1672.843,1589.201,0,0,54764.95,8391.497,0,1456.843,1456.843,22509.77,29.61811,0,13909.74,172.7999,7601.013,8607.496
1/01/2007 6:00,0.1721217,13.74937,-71.10757,87.67166,0.09963985,1469.999,7.416718,11092.49,0,14730.66,14730.66,4750,0,1399.591,14730.66,85.28124,0,0,12562.49,0,0,1111.831,1056.24,56383.67,6934.654,2526.239,0,-2526.239,24906.37,32.77153,0,21749.97,1175.999,30092.49,8404.652
1/01/2007 7:00,0.4179046,26.10716,-77.64144,73.91294,0.288904,4262.236,10.28764,20893.3,0,9278.678,9278.678,0,0,0,9278.678,271.1113,0,0,25155.54,0,0,11614.63,11033.9,53857.43,9208.269,15296.13,0,-15296.13,39417.55,51.86519,0,20653.2,3409.789,20893.3,13470.5
1/01/2007 8:00,0.686485,38.77484,-84.13673,60.35138,0.5584061,8238.235,8.997687,17789.33,0,9253.261,9253.261,0,0,0,9253.261,281.2799,0,0,26027.56,0,0,8536.065,8109.262,38561.3,22974.79,16347.5,0,-16347.5,54926.15,72.27124,0,19073.25,6590.588,17789.33,31213.02
1/01/2007 9:00,0.6303415,51.59282,-91.42673,47.27004,0.5720325,8439.266,11.53054,21000,0,7284.787,7284.787,0,0,0,7284.787,404.1198,0,0,29439.27,0,0,13715.21,13029.45,22213.8,37687.54,21468.72,0,-21468.72,75293.16,99.06994,0,18513.27,6751.413,21000,46126.8
1/01/2007 10:00,0.6616556,64.34139,-101.5441,35.29773,0.6196886,9142.343,14.55009,21000,0,8685.073,8685.073,0,0,0,8685.073,347.0592,20712.19,0,30142.34,0,0,0,0,745.0834,57009.38,745.0834,0,-745.0834,76000.02,100,0,20053.58,7313.875,21000,66151.73
1/01/2007 11:00,1.025516,76.30238,-123.0281,26.08391,0.9643129,14226.63,16.90565,21000,0,10344.91,10344.91,0,0,0,10344.91,340.5214,24881.72,0,35226.63,0,0,0,0,0,57679.96,0,0,0,76000.02,100,0,21879.4,11381.3,21000,71906.59
1/01/2007 12:00,0.8335267,81.62672,163.7643,23.23012,0.7894266,11646.51,12.3559,21000,0,10008.06,10008.06,0,0,0,10008.06,326.2023,22638.45,0,32646.51,0,0,0,0,0,57679.96,0,0,0,76000.02,100,0,21508.86,9317.207,21000,69326.47
1/01/2007 13:00,0.834649,72.46297,113.0886,28.7084,0.7843891,11572.19,10.4981,21000,0,5154.076,5154.076,0,0,0,5154.076,631.9695,27418.11,0,32572.19,0,0,0,0,0,57679.96,0,0,0,76000.02,100,0,16169.48,9257.752,21000,69252.15
1/01/2007 14:00,0.6377977,60.05972,97.55194,39.1545,0.5938209,8760.714,8.996696,17784.85,0,8937.718,8937.718,0,0,0,8937.718,297.006,17607.84,0,26545.56,0,0,0,0,0,57679.96,0,0,0,76000.02,100,0,18723.91,7008.571,17784.85,66440.67
1/01/2007 15:00,0.5590419,47.25137,88.79149,51.61336,0.5040481,7436.284,10.62538,21000,0,8831.483,8831.483,0,0,0,8831.483,321.9876,19604.8,0,28436.28,0,0,0,0,0,57679.96,0,0,0,76000.02,100,0,20214.63,5949.027,21000,65116.24
1/01/2007 16:00,0.4757689,34.46551,81.90344,64.90248,0.3908835,5766.753,10.60543,21000,0,6838.3,6838.3,0,0,0,6838.3,391.4241,19928.45,0,26766.75,0,0,0,0,0,57679.96,0,0,0,76000.02,100,0,18022.13,4613.403,21000,63446.71
1/01/2007 17:00,0.3501926,21.88458,75.46547,78.55404,0.2147764,3168.623,10.43362,21000,0,7922.456,7922.456,0,0,0,7922.456,305.0648,16246.17,0,24168.62,0,0,0,0,0,57679.96,0,0,0,76000.02,100,0,19214.7,2534.898,21000,60848.58
1/01/2007 18:00,0.1540326,9.670814,68.79065,92.33847,0.02996616,442.0945,6.926226,9383.373,0,11125.82,11125.82,0,0,0,11125.82,88.31226,6.82E-13,0,9825.468,1834.159,1742.451,0,0,0,57679.96,0,1392.065,1392.065,74532.65,98.06926,0,16930.09,353.6756,9383.373,58122.05
1/01/2007 19:00,0.006985849,0,61.36415,90,0,0,5.223376,3769.485,0,8262.917,8262.917,0,0,0,8262.917,45.6193,0,0,3769.485,4729.929,4493.432,0,0,1546.739,56287.89,0,4729.929,4729.929,69546.87,91.50902,0,10973.95,0,3769.485,56287.89
1/01/2007 20:00,0,0,52.66684,90,0,0,8.585707,16214.85,0,6194.89,6194.89,0,0,0,6194.89,261.7456,2859.733,0,16214.85,0,0,7160.226,6802.215,6802.215,51557.96,6802.215,0,-6802.215,76000.02,100,0,14921.8,0,16214.85,51557.96
1/01/2007 21:00,0,0,42.12969,90,0,0,9.849745,20276.11,0,9230.585,9230.585,0,0,0,9230.585,219.6622,11045.52,0,20276.11,0,0,0,0,0,57679.96,0,0,0,76000.02,100,0,20291.7,0,20276.11,57679.96
1/01/2007 22:00,0,0,29.24182,90,0,0,7.077438,9963.746,0,7717.935,7717.935,0,0,0,7717.935,129.0986,2245.811,0,9963.746,0,0,0,0,0,57679.96,0,0,0,76000.02,100,0,13471.6,0,9963.746,57679.96
1/01/2007 23:00,0,0,13.93362,90,0,0,9.424901,19267.88,0,7330.215,7330.215,0,0,0,7330.215,262.8556,11937.67,0,19267.88,0,0,0,0,0,57679.96,0,0,0,76000.02,100,0,17697.18,0,19267.88,57679.96
1/02/2007 0:00,0,0,-2.750566,90,0,0,8.387389,15451.79,0,11628.23,11628.23,0,0,0,11628.23,132.8816,3823.553,0,15451.79,0,0,0,0,0,57679.96,0,0,0,76000.02,100,0,20516.95,0,15451.79,57679.96
1/02/2007 1:00,0,0,-19.25912,90,0,0,7.614275,12013.78,0,9715.494,9715.494,0,0,0,9715.494,123.6559,2298.283,0,12013.78,0,0,0,0,0,57679.96,0,0,0,76000.02,100,0,16693.93,0,12013.78,57679.96
1/02/2007 2:00,0,0,-33.82708,90,0,0,10.02789,20550.97,0,7471.532,7471.532,0,0,0,7471.532,275.057,13079.44,0,20550.97,0,0,0,0,0,57679.96,0,0,0,76000.02,100,0,18494.17,0,20550.97,57679.96
1/02/2007 3:00,0,0,-45.90594,90,0,0,8.707633,16627.86,0,10490.92,10490.92,0,0,0,10490.92,158.4975,6136.932,0,16627.86,0,0,0,0,0,57679.96,0,0,0,76000.02,100,0,19853.94,0,16627.86,57679.96
1/02/2007 4:00,0,0,-55.77588,90,0,0,7.969548,13641.87,0,8720.046,8720.046,0,0,0,8720.046,156.4426,4921.821,0,13641.87,0,0,0,0,0,57679.96,0,0,0,76000.02,100,0,16412.98,0,13641.87,57679.96
1/02/2007 5:00,0.03590013,1.759263,-63.99633,101.5661,0.01114009,164.3511,11.02671,21000,0,9035.132,9035.132,0,0,0,9035.132,234.2451,12129.22,0,21164.35,0,0,0,0,0,57679.96,0,0,0,76000.02,100,0,20438.64,131.4809,21000,57844.31
1/02/2007 6:00,0.2372381,13.62278,-71.12411,87.77414,0.06102839,900.3594,9.335652,18935.8,0,7709.547,7709.547,0,0,0,7709.547,257.2935,12126.62,0,19836.16,0,0,0,0,0,57679.96,0,0,0,76000.02,100,0,17948.4,720.2875,18935.8,58580.32
1/02/2007 7:00,0.4785392,25.98186,-77.6683,74.00682,0.3168914,4675.138,12.81216,21000,0,10729.86,10729.86,0,0,0,10729.86,239.2867,14945.28,0,25675.14,0,0,0,0,0,57679.96,0,0,0,76000.02,100,0,22302.85,3740.11,21000,62355.09
1/02/2007 8:00,0.7244532,38.65065,-84.17435,60.43408,0.5885791,8683.38,8.691477,16573.12,0,13601.26,13601.26,0,0,0,13601.26,185.6924,11655.24,0,25256.5,0,0,0,0,0,57679.96,0,0,0,76000.02,100,0,23247.94,6946.704,16573.12,66363.34
1/02/2007 9:00,0.8775772,51.46899,-91.47633,47.33628,0.7767296,11459.19,7.823875,12946.97,0,11664.67,11664.67,0,0,0,11664.67,209.2314,12741.49,0,24406.16,0,0,0,0,0,57679.96,0,0,0,76000.02,100,0,19304.62,9167.351,12946.97,69139.14
1/02/2007 10:00,0.8833433,64.21624,-101.6015,35.33603,0.8170407,12053.9,8.463082,15799.55,0,12519.4,12519.4,0,0,0,12519.4,222.4823,15334.05,0,27853.45,0,0,0,0,0,57679.96,0,0,0,76000.02,100,0,21671.11,9643.122,15799.55,69733.86
1/02/2007 11:00,0.817792,76.17497,-122.9986,26.07047,0.7723571,11394.68,8.051594,14067.87,0,8376.702,8376.702,0,0,0,8376.702,303.9686,17085.84,0,25462.55,0,0,0,0,0,57679.96,0,0,0,76000.02,100,0,16248.31,9115.744,14067.87,69074.63
1/02/2007 12:00,0.7571273,81.58119,164.5807,23.14489,0.7181735,10595.3,5.547544,4721.23,0,9708.088,9708.088,0,0,0,9708.088,157.7709,5345.979,0,15316.53,5249.324,4986.857,0,0,0,57679.96,0,0,0,76000.02,100,0,13039.51,8476.242,4721.23,68275.26
1/02/2007 13:00,0.9954152,72.51302,113.4787,28.58549,0.9326289,13759.19,6.483624,7859.421,0,8334.397,8334.397,0,0,0,8334.397,259.3902,13259.21,0,21618.61,499.9755,474.9767,0,0,0,57679.96,0,0,0,76000.02,100,0,13097.55,11007.35,7859.421,71439.15
1/02/2007 14:00,0.8569162,60.12657,97.76996,39.0272,0.7847437,11577.42,6.529126,7992.989,0,10125.34,10125.34,0,0,0,10125.34,193.2816,9332.845,0,19570.41,2244.577,2132.348,0,0,0,57679.96,0,0,0,76000.02,100,0,15134.37,9261.938,7992.989,69257.38
1/02/2007 15:00,0.8391274,47.32054,88.94958,51.49059,0.7271986,10728.45,9.497358,19464.27,0,7905.932,7905.932,0,0,0,7905.932,381.8995,22286.79,0,30192.72,0,0,0,0,0,57679.96,0,0,0,76000.02,100,0,18428.66,8582.761,19464.27,68408.41
1/02/2007 16:00,0.5343577,34.53213,82.03551,64.78595,0.425456,6276.806,9.595597,19730.52,0,8660.374,8660.374,0,0,0,8660.374,300.3026,17346.96,0,26007.33,0,0,0,0,0,57679.96,0,0,0,76000.02,100,0,19391.67,5021.444,19730.52,63956.76
1/02/2007 17:00,0.3774286,21.94573,75.5862,78.44421,0.2227701,3286.555,12.69028,21000,0,11664.32,11664.32,0,0,0,11664.32,208.2124,12622.24,0,24286.55,0,0,0,0,0,57679.96,0,0,0,76000.02,100,0,23330.75,2629.244,21000,60966.51
1/02/2007 18:00,0.155944,9.723863,68.90839,92.23596,0.02916268,430.2407,12.4731,21000,0,6761.043,6761.043,0,0,0,6761.043,316.9665,14669.2,0,21430.24,0,0,0,0,0,57679.96,0,0,0,76000.02,100,0,17937.15,344.1926,21000,58110.2
1/02/2007 19:00,0.006771958,0,61.48475,90,0,0,15.47878,21000,0,11866.38,11866.38,0,0,0,11866.38,176.9706,9133.624,0,21000,0,0,0,0,0,57679.96,0,0,0,76000.02,100,0,23553.01,0,21000,57679.96
1/02/2007 20:00,0,0,52.79474,90,0,0,14.58069,21000,0,12858.96,12858.96,0,0,0,12858.96,163.3103,8141.044,0,21000,0,0,0,0,0,57679.96,0,0,0,76000.02,100,0,24644.85,0,21000,57679.96
1/02/2007 21:00,0,0,42.26732,90,0,0,13.81308,21000,0,6465.611,6465.611,0,0,0,6465.611,324.7953,14534.39,0,21000,0,0,0,0,0,57679.96,0,0,0,76000.02,100,0,17612.17,0,21000,57679.96
1/02/2007 22:00,0,0,29.38715,90,0,0,12.20761,21000,0,10099.42,10099.42,0,0,0,10099.42,207.9328,10900.58,0,21000,0,0,0,0,0,57679.96,0,0,0,76000.02,100,0,21609.36,0,21000,57679.96
1/02/2007 23:00,0,0,14.07657,90,0,0,10.95722,21000,0,10236.98,10236.98,0,0,0,10236.98,205.1386,10763.02,0,21000,0,0,0,0,0,57679.96,0,0,0,76000.02,100,0,21760.68,0,21000,57679.96
1/03/2007 0:00,0,0,-2.628078,90,0,0,4.95892,2983.442,0,10677.7,10677.7,0,0,0,10677.7,27.94086,0,1.82E-12,2983.442,8099.222,7694.261,0,0,0,57679.96,0,8099.222,8099.222,67462.69,88.76667,0,13237.19,0,2983.442,57679.96
1/03/2007 1:00,0,0,-19.17146,90,0,0,7.035432,9802.523,0,10470.28,10470.28,0,0,0,10470.28,93.62238,0,0,9802.523,702.8989,667.754,0,0,8999.136,49580.73,0,702.8989,702.8989,66721.77,87.79178,0,16418.57,0,9802.523,49580.73
1/03/2007 2:00,0,0,-33.77497,90,0,0,4.879373,2821.832,0,11289.09,11289.09,0,0,0,11289.09,24.9961,0,1.82E-12,2821.832,8912.902,8467.258,0,0,9780.135,48877.84,0,8912.902,8912.902,57326.74,75.42991,0,13828.92,0,2821.832,48877.84
1/03/2007 3:00,0,0,-45.88205,90,0,0,5.911477,6006.301,0,8593.494,8593.494,0,0,0,8593.494,69.89359,0,0,6006.301,2723.361,2587.193,0,0,19683.36,39964.93,0,2723.361,2723.361,54456.07,71.6527,0,12455.99,0,6006.301,39964.93
1/03/2007 4:00,0,0,-55.7723,90,0,0,5.896097,5961.171,0,7813.922,7813.922,0,0,0,7813.922,76.28909,0,0,5961.171,1950.265,1852.752,0,0,22709.32,37241.57,0,1950.265,1950.265,52400.3,68.94775,0,11575.9,0,5961.171,37241.57
1/03/2007 5:00,0.03341004,1.628695,-64.00751,101.6757,0.0120149,177.2574,9.228197,18523.38,0,7984.269,7984.269,0,0,0,7984.269,234.2185,1.82E-12,0,18700.63,0,0,10539.11,10012.15,24876.28,35291.3,10189.41,0,-10189.41,62066.83,81.66686,0,18044.38,141.8059,18523.38,35468.56
1/03/2007 6:00,0.1680448,13.49365,-71.14711,87.87574,0.09727181,1435.063,9.53887,19576.77,0,7445.377,7445.377,0,0,0,7445.377,282.2132,0,0,21011.84,0,0,12131.4,11524.83,14686.87,44461.78,12959.89,0,-12959.89,74361.66,97.84427,0,17978.3,1148.051,19576.77,45896.84
1/03/2007 7:00,0.4068608,25.85442,-77.70226,74.09916,0.283146,4177.288,7.774065,12744.52,0,8102.942,8102.942,0,0,0,8102.942,208.8354,7091.89,0,16921.81,0,0,0,0,1726.977,56125.68,1726.977,0,-1726.977,76000.02,100,0,15285.5,3341.83,12744.52,60302.96
1/03/2007 8:00,0.5753506,38.5246,-84.22017,60.51451,0.4787737,7063.408,6.741144,8832.286,0,7644.766,7644.766,0,0,0,7644.766,207.9291,8250.928,0,15895.69,0,0,0,0,0,57679.96,0,0,0,76000.02,100,0,12825.38,5650.727,8832.286,64743.36
1/03/2007 9:00,0.6023393,51.34337,-91.53614,47.39938,0.5494571,8106.209,4.097623,1131.127,0,11039.87,11039.87,0,0,0,11039.87,83.67249,0,1.82E-12,9237.336,10430.26,9908.746,0,0,0,57679.96,0,2324.05,2324.05,73550.25,96.77663,0,12709.42,6484.967,1131.127,65786.16
1/03/2007 10:00,1.006644,64.08897,-101.6732,35.37006,0.9292507,13709.35,3.696037,483.4749,0,9874.539,9874.539,0,0,0,9874.539,143.7315,1241.741,0,14192.83,9885.331,9391.064,0,0,2582.278,55355.91,2582.278,0,-2582.278,76000.02,100,0,11103.73,10967.48,483.4749,69065.26
1/03/2007 11:00,0.8737696,76.04393,-122.9934,26.05138,0.8246087,12165.55,4.209313,1408.452,0,9005.435,9005.435,0,0,0,9005.435,150.7313,4168.73,0,13574.01,7996.824,7596.983,0,0,0,57679.96,0,0,0,76000.02,100,0,10610.2,9732.443,1408.452,69845.51
1/03/2007 12:00,0.7117201,81.52728,165.394,23.0534,0.6756278,9967.62,4.227715,1453.943,0,10763.6,10763.6,0,0,0,10763.6,106.1128,167.9772,0,11421.56,9799.644,9309.661,0,0,0,57679.96,0,0,0,76000.02,100,0,12566.94,7974.096,1453.943,67647.58
1/03/2007 13:00,0.8639426,72.55809,113.8888,28.45785,0.8123603,11984.85,7.32385,10736.05,0,4542.115,4542.115,0,0,0,4542.115,500.2274,18178.79,0,22720.9,0,0,0,0,0,57679.96,0,0,0,76000.02,100,0,10364.35,9587.883,10736.05,69664.81
1/03/2007 14:00,0.860326,60.18971,98.00072,38.89702,0.7885844,11634.08,6.277851,7255.388,0,8668.606,8668.606,0,0,0,8668.606,217.9067,10146.49,0,18889.47,1487.598,1413.218,0,0,0,57679.96,0,0,0,76000.02,100,0,13163.16,9307.268,7255.388,69314.04
1/03/2007 15:00,0.7845854,47.38628,89.11691,51.36628,0.6820235,10061.98,7.711627,12490.75,0,7634.537,7634.537,0,0,0,7634.537,295.4041,14918.19,0,22552.73,0,0,0,0,0,57679.96,0,0,0,76000.02,100,0,14643.37,8049.582,12490.75,67741.93
1/03/2007 16:00,0.5405263,34.59526,82.17495,64.66885,0.4302742,6347.888,9.749873,20084.36,0,7113.705,7113.705,0,0,0,7113.705,371.568,19318.54,0,26432.25,0,0,0,0,0,57679.96,0,0,0,76000.02,100,0,17867.26,5078.311,20084.36,64027.84
1/03/2007 17:00,0.2831723,22.00318,75.7132,78.33459,0.208091,3069.992,13.25436,21000,0,5035.123,5035.123,0,0,0,5035.123,478.0418,19034.87,0,24069.99,0,0,0,0,0,57679.96,0,0,0,76000.02,100,0,16038.64,2455.993,21000,60749.95
1/03/2007 18:00,0.1148351,9.772853,69.03172,92.13432,0.06651433,981.2941,10.10073,20652.55,0,7888.683,7888.683,0,0,0,7888.683,274.239,13745.16,0,21633.84,0,0,0,0,0,57679.96,0,0,0,76000.02,100,0,19003.82,785.0353,20652.55,58661.25
1/03/2007 19:00,0.007530349,0,61.61042,90,0,0,8.704858,16618.45,0,7144.183,7144.183,0,0,0,7144.183,232.6152,9474.271,0,16618.45,0,0,0,0,0,57679.96,0,0,0,76000.02,100,0,16167.83,0,16618.45,57679.96
1/03/2007 20:00,0,0,52.9272,90,0,0,9.850986,20278.07,0,6776.284,6776.284,0,0,0,6776.284,299.2505,13501.78,0,20278.07,0,0,0,0,0,57679.96,0,0,0,76000.02,100,0,17592.95,0,20278.07,57679.96
1/03/2007 21:00,0,0,42.40886,90,0,0,6.806481,9024.079,0,11731.08,11731.08,0,0,0,11731.08,76.92455,0,0,9024.079,2849.473,2706.999,0,0,0,57679.96,0,2849.473,2849.473,72996.41,96.04788,0,17416.23,0,9024.079,57679.96
1/03/2007 22:00,0,0,29.5353,90,0,0,5.44429,4418.135,0,9406.842,9406.842,0,0,0,9406.842,46.96725,0,1.82E-12,4418.135,5251.271,4988.707,0,0,3166.081,54830.48,0,5251.271,5251.271,67461.08,88.76456,0,12556.59,0,4418.135,54830.48
1/03/2007 23:00,0,0,14.22064,90,0,0,3.362746,173.4774,0,7474.866,7474.866,0,0,0,7474.866,2.320809,0,9.09E-13,173.4774,7685.672,7301.388,0,0,9000.826,49579.21,0,7685.672,7685.672,59359.67,78.10481,0,8309.091,0,173.4774,49579.21
1/04/2007 0:00,0,0,-2.506721,90,0,0,6.096118,6674.152,0,11469.34,11469.34,0,0,0,11469.34,58.19124,0,0,6674.152,5047.567,4795.189,0,0,17540.46,41893.54,0,5047.567,5047.567,54039.07,71.10403,0,15953.35,0,6674.152,41893.54
1/04/2007 1:00,0,0,-19.08702,90,0,0,5.730202,5435.436,0,13135.55,13135.55,0,0,0,13135.55,41.37959,0,0,5435.436,8105.382,7700.113,0,0,23148.87,36845.97,0,8105.382,8105.382,45495.25,59.86215,0,17166.82,0,5435.436,36845.97
1/04/2007 2:00,0,0,-33.72748,90,0,0,7.207957,10376.05,0,11239.71,11239.71,0,0,0,11239.71,92.31597,0,0,10376.05,909.1183,863.6624,0,0,32154.85,28740.59,0,909.1183,909.1183,44536.95,58.60124,0,17551.7,0,10376.05,28740.59
1/04/2007 3:00,0,0,-45.86356,90,0,0,2.508213,0,0,9838.127,9838.127,0,0,0,9838.127,0,0,0,0,10355.92,9838.127,0,0,33164.98,27831.47,0,10355.92,10355.92,33620.85,44.23795,0,10821.94,0,0,27831.47
1/04/2007 4:00,0,0,-55.7745,90,0,0,4.360221,1693.316,0,9664.216,9664.216,0,0,0,9664.216,17.52151,0,0,1693.316,8390.421,7970.899,0,0,44671.56,17475.55,0,8390.421,8390.421,24776.57,32.60074,0,11477.29,0,1693.316,17475.55
1/04/2007 5:00,0.02864158,1.495145,-64.02478,101.785,0.01472518,217.2424,8.091973,14243.66,0,9938.796,9938.796,0,0,0,9938.796,145.4995,0,0,14460.9,0,0,4304.863,4089.62,53994.25,9085.128,4306.862,0,-4306.862,28862.42,37.97686,0,18054.51,173.7939,14243.66,9302.371
1/04/2007 6:00,0.2013235,13.36208,-71.17657,87.97639,0.07398149,1091.458,6.702016,8690.982,0,10554.64,10554.64,0,0,0,10554.64,92.68381,0,0,9782.44,1961.743,1863.656,0,0,49687.39,12961.3,0,870.2845,870.2845,27945.06,36.76981,0,15955.59,873.1666,8690.982,14052.76
1/04/2007 7:00,0.4882513,25.72494,-77.74332,74.18988,0.3220423,4751.129,6.225625,7102.084,0,12096.84,12096.84,0,0,0,12096.84,97.986,0,1.82E-12,11853.21,5257.642,4994.76,0,0,50654.38,12091.02,0,506.5123,506.5123,27411.15,36.06729,0,16857.57,3800.904,7102.084,16842.15
1/04/2007 8:00,0.7250801,38.39675,-84.27417,60.59262,0.5893718,8695.075,10.36671,20988.36,0,7922.431,7922.431,0,0,0,7922.431,374.6758,1.82E-12,0,29683.43,0,0,13065.92,12412.63,51217.16,11584.51,21107.7,0,-21107.7,47435.67,62.41534,0,19208.85,6956.06,20988.36,20279.58
1/04/2007 9:00,0.9070745,51.21602,-91.60609,47.45929,0.8034469,11853.35,14.81327,21000,0,9737.129,9737.129,0,0,0,9737.129,337.4029,0,0,32853.35,0,0,11262.87,10699.73,30109.46,30581.44,22553.08,0,-22553.08,68831.4,90.56761,0,21210.84,9482.682,21000,42434.79
1/04/2007 10:00,1.01131,63.95966,-101.7589,35.3998,0.9341756,13782.01,18.30226,21000,0,10322.73,10322.73,0,0,0,10322.73,336.9459,16902.9,0,34782.01,0,0,0,0,7556.382,50879.21,7556.382,0,-7556.382,76000.02,100,0,21855,11025.61,21000,64661.22
1/04/2007 11:00,1.098141,75.90935,-123.012,26.02666,1.034335,15259.67,12.63602,21000,0,13329.51,13329.51,0,0,0,13329.51,272.0255,22930.16,0,36259.67,0,0,0,0,0,57679.96,0,0,0,76000.02,100,0,25162.46,12207.74,21000,72939.62
1/04/2007 12:00,1.149798,81.46495,166.2012,22.95568,1.088003,16051.44,10.25804,20857.72,0,10794.1,10794.1,0,0,0,10794.1,341.9384,26115.07,0,36909.16,0,0,0,0,0,57679.96,0,0,0,76000.02,100,0,22302.37,12841.15,20857.72,73731.4
1/04/2007 13:00,1.047745,72.59801,114.3183,28.32551,0.9830202,14502.62,11.62051,21000,0,12543.12,12543.12,0,0,0,12543.12,283.0446,22959.5,0,35502.62,0,0,0,0,0,57679.96,0,0,0,76000.02,100,0,24297.43,11602.1,21000,72182.58
1/04/2007 14:00,0.9515778,60.24901,98.24414,38.76405,0.8709661,12849.47,13.30926,21000,0,10407.32,10407.32,0,0,0,10407.32,325.2469,23442.15,0,33849.47,0,0,0,0,0,57679.96,0,0,0,76000.02,100,0,21948.05,10279.58,21000,70529.43
1/04/2007 15:00,0.8169386,47.44849,89.2934,51.24053,0.7104459,10481.3,11.73641,21000,0,7025.159,7025.159,0,0,0,7025.159,448.1222,24456.14,0,31481.3,0,0,0,0,0,57679.96,0,0,0,76000.02,100,0,18227.67,8385.038,21000,68161.25
1/04/2007 16:00,0.6370037,34.65482,82.32172,64.55126,0.4972329,7335.739,7.476885,11323.42,0,12282.4,12282.4,0,0,0,12282.4,151.9179,6326.288,0,18659.16,1009.451,958.9788,0,0,0,57679.96,0,0,0,76000.02,100,0,19172.35,5868.591,11323.42,65015.7
1/04/2007 17:00,0.3712945,22.05682,75.84644,78.22523,0.2240126,3304.885,4.154938,1273.437,0,9812.479,9812.479,0,0,0,9812.479,46.65816,0,0,4578.323,8988.465,8539.042,0,0,0,57679.96,0,5683.58,5683.58,70008.99,92.11708,0,11430.45,2643.908,1273.437,60984.84
1/04/2007 18:00,0.1529318,9.817719,69.16056,92.03365,0.03355804,495.086,3.204047,80.24904,0,10828.85,10828.85,0,0,0,10828.85,5.312985,0,0,575.335,11314.31,10748.6,0,0,6315.089,51996.38,0,10819.23,10819.23,58604.53,77.11121,0,11951.86,396.0688,80.24904,52491.46
1/04/2007 19:00,0.007614438,0,61.74109,90,0,0,4.57793,2122.433,0,9409.665,9409.665,0,0,0,9409.665,22.55588,0,1.82E-12,2122.433,7670.771,7287.232,0,0,18336.45,41177.15,0,7670.771,7670.771,50518.83,66.47213,0,11411.85,0,2122.433,41177.15
1/04/2007 20:00,0,0,53.06416,90,0,0,2.921276,4.383735,0,10710.98,10710.98,0,0,0,10710.98,0.04092747,0,1.82E-12,4.383735,11270.11,10706.6,0,0,26859.53,33506.38,0,11270.11,11270.11,38639.09,50.8409,0,11784.27,0,4.383735,33506.38
1/04/2007 21:00,0,0,42.55422,90,0,0,2.672462,0,0,12502.91,12502.91,0,0,0,12502.91,0,0,1.82E-12,0,13160.96,12502.91,0,0,39381.87,22236.27,0,13160.96,13160.96,24766.22,32.58713,0,13753.2,0,0,22236.27
1/04/2007 22:00,0,0,29.68621,90,0,0,2.135559,0,0,10730.24,10730.24,4750,0,1399.591,10730.24,0,0,0,0,6294.984,5980.235,0,0,54005.16,9075.313,0,6294.984,6294.984,18130.73,23.85621,0,11803.26,0,19000,9075.313
1/04/2007 23:00,0,0,14.36577,90,0,0,2.046893,0,0,9096.173,9096.173,6454.861,0,1801.897,9096.173,0,0,0,0,2780.329,2641.312,0,0,60999.59,2780.329,0,2780.329,2780.329,15200,20,0,10005.79,0,19000,2780.329
1/05/2007 0:00,0,0,-2.38657,90,0,0,1.368853,0,0,9111.673,9111.673,9111.673,0,2428.84,9111.673,0,0,0,0,0,0,0,0,64088.84,0,0,0,0,15200,20,0,10022.84,0,19000,0
1/05/2007 1:00,0,0,-19.00586,90,0,0,1.142934,0,0,12543.01,12543.01,12543.01,0,3238.553,12543.01,0,0,0,0,0,0,0,0,64088.84,0,0,0,0,15200,20,0,13797.32,0,19000,0
1/05/2007 2:00,0,0,-33.6847,90,0,0,1.318222,0,0,9979.021,9979.021,9979.021,0,2633.512,9979.021,0,0,0,0,0,0,0,0,64088.84,0,0,0,0,15200,20,0,10976.92,0,19000,0
1/05/2007 3:00,0,0,-45.85052,90,0,0,2.497262,0,0,6812.891,6812.891,6812.891,0,1886.383,6812.891,0,0,0,0,0,0,0,0,64088.84,0,0,0,0,15200,20,0,7494.18,0,19000,0
1/05/2007 4:00,0,0,-55.78253,90,0,0,3.87169,754.6212,0,9026.545,9026.545,8271.924,0,2230.679,9026.545,8.360022,0,0,754.6212,0,0,0,0,64088.84,0,0,0,0,15200,20,0,10306.51,0,19754.62,0
1/05/2007 5:00,0.02088566,1.358696,-64.04815,101.8939,0.01629989,240.4743,3.229769,91.88686,0,9967.03,9967.03,9646.692,0,2555.091,9967.03,3.334605,0,0,332.3611,240.4743,228.4505,0,0,64088.84,0,0,0,0,15200,20,0,11009.68,192.3794,19091.89,240.4743
1/05/2007 6:00,0.06937749,13.22813,-71.21251,88.076,0.06428048,948.338,3.793523,637.5295,0,11852.65,11852.65,10314.2,0,2712.606,11852.65,13.37986,0,0,1585.867,948.338,900.921,0,0,64088.84,0,1.14E-13,0,-1.14E-13,15200,20,0,13356.68,758.6703,19637.53,948.338
1/05/2007 7:00,0.2621084,25.59348,-77.79146,74.27893,0.2265877,3342.876,7.818642,12925.7,0,9117.892,9117.892,4750,0,1399.591,9117.892,178.4247,0,0,16268.57,0,0,8557.807,8129.916,64088.84,0,11472.79,0,-11472.79,26084.05,34.32111,0,16492.53,2674.301,31925.7,3342.876
1/05/2007 8:00,0.5234992,38.26718,-84.33632,60.66835,0.4446933,6560.615,8.546356,16081.58,0,9115.222,9115.222,0,0,0,9115.222,248.3998,0,0,22642.19,0,0,6966.357,6618.039,52616.05,10325.51,13178.65,0,-13178.65,38586.42,50.77159,0,18067.53,5248.492,16081.58,16886.13
1/05/2007 9:00,0.6000763,51.087,-91.68609,47.516,0.5478138,8081.965,9.16408,18330.89,0,10262.87,10262.87,0,0,0,10262.87,257.3633,0,0,26412.85,0,0,8068.021,7664.62,39437.39,22186.3,15746.59,0,-15746.59,53524.94,70.42754,0,20454.6,6465.572,18330.89,30268.27
1/05/2007 10:00,0.8432807,63.82835,-101.8585,35.42526,0.7826395,11546.38,10.01775,20536.83,0,10752.81,10752.81,0,0,0,10752.81,298.3704,0,0,32083.21,0,0,9784.015,9294.813,23690.81,36358.23,20841.19,0,-20841.19,73296.63,96.44292,0,22096.51,9237.103,20536.83,47904.61
1/05/2007 11:00,1.032218,75.77129,-123.0538,25.99633,0.9732597,14358.62,10.56931,21000,0,11819.56,11819.56,0,0,0,11819.56,299.1534,20689.44,0,35358.62,0,0,0,0,2849.617,55115.3,2849.617,0,-2849.617,76000.02,100,0,23501.52,11486.9,21000,69473.92
1/05/2007 12:00,1.065355,81.39424,166.9998,22.85175,1.009156,14888.2,10.07724,20619.79,0,8042.66,8042.66,0,0,0,8042.66,441.4955,27465.33,0,35507.98,0,0,0,0,0,57679.96,0,0,0,76000.02,100,0,19156.82,11910.56,20619.79,72568.16
1/05/2007 13:00,0.9967512,72.63261,114.7669,28.18854,0.9364935,13816.2,10.31037,20920.63,0,10640.47,10640.47,0,0,0,10640.47,326.4596,24096.36,0,34736.83,0,0,0,0,0,57679.96,0,0,0,76000.02,100,0,22164.83,11052.96,20920.63,71496.16
1/05/2007 14:00,0.806155,60.30434,98.50008,38.62838,0.7427911,10958.49,10.90162,21000,0,7769.447,7769.447,0,0,0,7769.447,411.3354,24189.04,0,31958.49,0,0,0,0,0,57679.96,0,0,0,76000.02,100,0,19046.39,8766.791,21000,68638.45
1/05/2007 15:00,0.6242346,47.50706,89.479,51.11344,0.556839,8215.114,14.90138,21000,0,9823.604,9823.604,0,0,0,9823.604,297.3971,19391.51,0,29215.12,0,0,0,0,0,57679.96,0,0,0,76000.02,100,0,21305.96,6572.092,21000,65895.07
1/05/2007 16:00,0.3964879,34.71071,82.47574,64.4333,0.3465061,5112.047,15.9672,21000,0,6987.812,6987.812,0,0,0,6987.812,373.6799,19124.23,0,26112.05,0,0,0,0,0,57679.96,0,0,0,76000.02,100,0,18186.59,4089.638,21000,62792
1/05/2007 17:00,0.3363842,22.1066,75.98585,78.11626,0.2181025,3217.694,13.72766,21000,0,8423.283,8423.283,0,0,0,8423.283,287.509,15794.41,0,24217.69,0,0,0,0,0,57679.96,0,0,0,76000.02,100,0,19765.61,2574.155,21000,60897.65
1/05/2007 18:00,0.1100965,9.858391,69.29486,91.93399,0.06987587,1030.887,9.902097,20358.84,0,8608.082,8608.082,0,0,0,8608.082,248.4842,12781.64,0,21389.72,0,0,0,0,0,57679.96,0,0,0,76000.02,100,0,19648.31,824.71,20358.84,58710.84
1/05/2007 19:00,0.008583401,0,61.87668,90,0,0,8.296724,15021.86,0,9326.903,9326.903,0,0,0,9326.903,161.0594,5694.954,0,15021.86,0,0,0,0,0,57679.96,0,0,0,76000.02,100,0,17770.52,0,15021.86,57679.96
1/05/2007 20:00,0,0,53.20555,90,0,0,9.817979,20225.91,0,13539.95,13539.95,0,0,0,13539.95,149.3795,6685.959,0,20225.91,0,0,0,0,0,57679.96,0,0,0,76000.02,100,0,25006.89,0,20225.91,57679.96
1/05/2007 21:00,0,0,42.70335,90,0,0,7.973712,13663.49,0,8323.359,8323.359,0,0,0,8323.359,164.1583,5340.129,0,13663.49,0,0,0,0,0,57679.96,0,0,0,76000.02,100,0,15987.44,0,13663.49,57679.96
1/05/2007 22:00,0,0,29.83981,90,0,0,5.975115,6209.594,0,9109.65,9109.65,0,0,0,9109.65,68.16501,0,0,6209.594,3052.691,2900.057,0,0,0,57679.96,0,3052.691,3052.691,72782.2,95.76603,0,13125.41,0,6209.594,57679.96
1/05/2007 23:00,0,0,14.51189,90,0,0,6.019957,6381.75,0,10855.35,10855.35,0,0,0,10855.35,58.789,0,1.82E-12,6381.75,4709.05,4473.597,0,0,3391.879,54627.27,0,4709.05,4709.05,67818.42,89.23475,0,15131.76,0,6381.75,54627.27
1/06/2007 0:00,0,0,-2.267698,90,0,0,3.750316,569.2513,0,6815.515,6815.515,0,0,0,6815.515,8.352285,0,9.09E-13,569.2513,6575.014,6246.263,0,0,8624.157,49918.21,0,6575.014,6575.014,60887.75,80.11544,0,7781.692,0,569.2513,49918.21
1/06/2007 1:00,0,0,-18.92807,90,0,0,4.703883,2420.054,0,10629.57,10629.57,0,0,0,10629.57,22.76719,0,0,2420.054,8641.596,8209.516,0,0,15929.73,43343.2,0,8641.596,8641.596,51778.71,68.12986,0,12902.55,0,2420.054,43343.2
1/06/2007 2:00,0,0,-33.64669,90,0,0,1.947595,0,0,9250.576,9250.576,0,0,0,9250.576,0,0,1.82E-12,0,9737.449,9250.576,0,0,25531.5,34701.61,0,9737.449,9737.449,41514.54,54.62438,0,10175.63,0,0,34701.61
1/06/2007 3:00,0,0,-45.84299,90,0,0,2.02784,0,0,9284.709,9284.709,0,0,0,9284.709,0,0,0,0,9773.378,9284.709,0,0,36350.89,24964.16,0,9773.378,9773.378,31212.49,41.06906,0,10213.18,0,0,24964.16
1/06/2007 4:00,0,0,-55.79642,90,0,0,1.860528,0,0,8118.697,8118.697,0,0,0,8118.697,0,0,0,0,8545.997,8118.697,0,0,47210.2,15190.78,0,8545.997,8545.997,22204.22,29.21607,0,8930.566,0,0,15190.78
1/06/2007 5:00,0.03700917,1.21943,-64.07764,102.0024,0.004338619,64.00819,4.04138,991.4749,0,10056.18,10056.18,4750,0,1399.591,10056.18,10.49586,0,0,1055.483,4541.798,4314.708,0,0,56705.75,6644.781,0,4477.79,4477.79,17484.21,23.00554,0,11557.54,51.20655,19991.47,6708.79
1/06/2007 6:00,0.1969668,13.0919,-71.25492,88.17449,0.07096042,1046.888,3.919301,819.1423,0,10289.8,10289.8,6417.477,0,1793.075,10289.8,18.13475,0,1.82E-12,1866.03,3213.879,3053.185,0,0,61681.07,2166.991,0,2166.991,2166.991,15200,20,0,11728.36,837.5103,19819.14,3213.879
1/06/2007 7:00,0.4246164,25.46012,-77.84666,74.36622,0.2876827,4244.219,5.762088,5565.034,0,10295.77,10295.77,4750,0,1399.591,10295.77,95.27458,0,0,9809.253,0,0,19.26311,18.29995,64088.84,0,4262.519,0,-4262.519,19243.78,25.32076,0,14107.87,3395.375,24565.03,4244.219
1/06/2007 8:00,0.6125701,38.13597,-84.40657,60.74165,0.5039824,7435.315,7.776487,12754.37,0,12691.48,12691.48,4750,0,1399.591,12691.48,159.0806,0,0,20189.68,0,0,4812.888,4572.243,59826.32,3836.267,12007.56,0,-12007.56,30635.15,40.3094,0,20337.81,5948.252,31754.37,11271.58
1/06/2007 9:00,0.7162715,50.95638,-91.77608,47.56946,0.6422269,9474.854,7.182184,10300.39,0,9338.047,9338.047,0,0,0,9338.047,211.7706,0,0,19775.24,0,0,962.3425,914.2254,47818.76,14643.07,10389.08,0,-10389.08,40491.1,53.27775,0,15422.05,7579.883,10300.39,24117.92
1/06/2007 10:00,0.7439505,63.6951,-101.9719,35.44643,0.6945385,10246.61,6.312436,7356.912,0,7746.848,7746.848,0,0,0,7746.848,227.2347,0,0,17603.53,410.4589,389.9359,0,0,37429.68,23993.24,9836.154,0,-9836.154,49822.5,65.5559,0,12199.99,8197.291,7356.912,34239.85
1/06/2007 11:00,0.8028083,75.62983,-123.1184,25.9604,0.7601215,11214.17,4.755811,2549.048,0,5064.457,5064.457,0,0,0,5064.457,271.7609,0,0,13763.21,2647.799,2515.409,0,0,27593.53,32845.78,8566.367,0,-8566.367,57949.27,76.24902,0,6845.426,8971.333,2549.048,44059.95
1/06/2007 12:00,0.929593,81.31517,167.7873,22.74161,0.8822421,13015.83,3.191182,74.42802,0,6554.258,6554.258,0,0,0,6554.258,199.7214,0,0,13090.25,6820.874,6479.831,0,0,19027.16,40555.51,6194.953,0,-6194.953,63826.31,83.98197,0,7246.898,10412.66,74.42802,53571.34
1/06/2007 13:00,0.9774714,72.66172,115.2341,28.047,0.9195516,13566.26,4.375853,1721.554,0,7004.93,7004.93,0,0,0,7004.93,218.2436,0,0,15287.81,5561.448,5283.376,0,0,12832.21,46130.97,8004.81,0,-8004.81,71420.34,93.97411,0,8566.2,10853.01,1721.554,59697.23
1/06/2007 14:00,0.8758512,60.35557,98.76839,38.4901,0.8051859,11879.01,2.390327,0,0,6903.192,6903.192,0,0,0,6903.192,172.0799,0,0,11879.01,7266.518,6903.192,0,0,4827.4,53335.3,4612.49,0,-4612.49,75796.13,99.73174,0,7593.512,9503.206,0,65214.3
1/06/2007 15:00,0.6053769,47.56187,89.67359,50.9851,0.5429693,8010.493,2.600975,0,0,8956.867,8956.867,0,0,0,8956.867,89.43409,0,0,8010.493,9428.281,8956.867,0,0,214.9109,57486.54,0,1417.788,1417.788,74301.66,97.76531,0,9852.554,6408.395,0,65497.03
1/06/2007 16:00,0.533822,34.76284,82.63693,64.31505,0.4296047,6338.011,1.54115,0,0,11735.58,11735.58,0,0,0,11735.58,54.00679,0,1.82E-12,6338.011,12353.24,11735.58,0,0,1790.231,56068.75,0,6015.233,6015.233,67961.04,89.4224,0,12909.14,5070.409,0,62406.76
1/06/2007 17:00,0.2332012,22.15243,76.13134,78.00774,0.1949682,2876.39,2.838424,0,0,11262.9,11262.9,0,0,0,11262.9,25.53863,0,1.82E-12,2876.39,11855.68,11262.9,0,0,8473.824,50053.52,0,8979.293,8979.293,58496.04,76.96845,0,12389.19,2301.112,0,52929.91
1/06/2007 18:00,0.1214816,9.894808,69.43455,91.83546,0.06397341,943.8077,3.406538,203.0541,0,11588.59,11588.59,0,0,0,11588.59,9.896475,0,1.82E-12,1146.862,11984.77,11385.54,0,0,18450.82,41074.22,0,11040.97,11040.97,46857.83,61.65503,0,12848.97,755.0461,203.0541,42018.03
1/06/2007 19:00,0.008145595,0,62.01714,90,0,0,2.158265,0,0,7318.208,7318.208,0,0,0,7318.208,0,0,9.09E-13,0,7703.377,7318.208,0,0,30718.56,30033.26,0,7703.377,7703.377,38737.76,50.97073,0,8050.029,0,0,30033.26
1/06/2007 20:00,0,0,53.3513,90,0,0,2.834425,0,0,6724.542,6724.542,0,0,0,6724.542,0,0,9.09E-13,0,7078.465,6724.542,0,0,39277.86,22329.88,0,7078.465,7078.465,31276.4,41.15316,0,7396.996,0,0,22329.88
1/06/2007 21:00,0,0,42.85617,90,0,0,2.506906,0,0,7681.049,7681.049,0,0,0,7681.049,0,0,9.09E-13,0,8085.315,7681.049,0,0,47142.82,15251.41,0,8085.315,8085.315,22753.73,29.93912,0,8449.154,0,0,15251.41
1/06/2007 22:00,0,0,29.99603,90,0,0,2.051191,0,0,10627.58,10627.58,4750,0,1399.591,10627.58,0,0,0,0,6186.921,5877.575,0,0,56126.51,7166.099,0,6186.921,6186.921,16232.15,21.35808,0,11690.33,0,19000,7166.099
1/06/2007 23:00,0,0,14.65894,90,0,0,0.99994,0,0,10712.23,10712.23,9782.013,0,2587.023,10712.23,0,2.27E-13,0,0,979.177,930.2181,0,0,63000.87,979.177,0,979.177,979.177,15200,20,0,11783.45,0,19000,979.177
1/07/2007 0:00,0,0,-2.150179,90,0,0,1.445111,0,0,10399.55,10399.55,10399.55,0,2732.747,10399.55,0,0,0,0,0,0,0,0,64088.84,0,0,0,0,15200,20,0,11439.5,0,19000,0
1/07/2007 1:00,0,0,-18.85373,90,0,0,2.055237,0,0,7136.293,7136.293,7136.293,0,1962.698,7136.293,0,0,0,0,0,0,0,0,64088.84,0,0,0,0,15200,20,0,7849.923,0,19000,0
1/07/2007 2:00,0,0,-33.61355,90,0,0,1.202098,0,0,6400.353,6400.353,6400.353,0,1789.034,6400.353,0,0,0,0,0,0,0,0,64088.84,0,0,0,0,15200,20,0,7040.388,0,19000,0
1/07/2007 3:00,0,0,-45.84104,90,0,0,1.454786,0,0,7871.348,7871.348,7871.348,0,2136.153,7871.348,0,0,0,0,0,0,0,0,64088.84,0,0,0,0,15200,20,0,8658.482,0,19000,0
1/07/2007 4:00,0,0,-55.81623,90,0,0,2.697387,0,0,11596.12,11596.12,11596.12,0,3015.109,11596.12,0,0,0,0,0,0,0,0,64088.84,0,0,0,0,15200,20,0,12755.73,0,19000,0
1/07/2007 5:00,0.03167883,1.077429,-64.11329,102.1103,0.007319021,107.9784,5.19525,3686.892,0,7425.002,7425.002,4750,0,1399.591,7425.002,51.10934,0,0,3794.87,0,0,1011.889,961.2946,64088.84,0,1069.273,0,-1069.273,16214.4,21.33474,0,10010.95,86.38274,22686.89,107.9784
1/07/2007 6:00,0.2367408,12.95346,-71.30381,88.27179,0.04906508,723.8632,5.406365,4306.81,0,6693.534,6693.534,4750,0,1399.591,6693.534,75.1572,0,0,5030.673,0,0,2363.275,2245.111,63019.57,962.3456,2968.974,0,-2968.974,19031.02,25.04081,0,9516.293,579.0905,23306.81,1686.209
1/07/2007 7:00,0.4649812,25.32495,-77.90892,74.4517,0.3071024,4530.719,3.47145,249.7983,0,9897.256,9897.256,4750,0,1399.591,9897.256,48.30145,9.09E-13,0,4780.518,5155.218,4897.458,0,0,60050.59,3634.423,0,624.4993,624.4993,18372.74,24.17465,0,11011.88,3624.575,19249.8,8165.142
1/07/2007 8:00,0.5963331,38.00318,-84.48489,60.81246,0.4927713,7269.917,2.367505,0,0,5256.202,5256.202,4750,0,1399.591,5256.202,138.3112,0,0,7269.917,532.8444,506.2021,0,0,60744.48,3009.923,6737.072,0,-6737.072,24764.09,32.58432,0,5781.822,5815.933,19000,10279.84
1/07/2007 9:00,0.7802634,50.82423,-91.87595,47.61964,0.6954869,10260.6,1.675386,0,0,9509.345,9509.345,0,0,0,9509.345,107.9002,0,0,10260.6,10009.84,9509.345,0,0,54007.41,9073.288,250.768,0,-250.768,25001.99,32.89735,0,10460.28,8208.483,0,19333.89
1/07/2007 10:00,0.9813313,63.55997,-102.0987,35.4633,0.9088431,13408.27,0.7916946,0,0,6480.762,6480.762,0,0,0,6480.762,206.8935,0,0,13408.27,6821.855,6480.762,0,0,53756.64,9298.979,6586.419,0,-6586.419,31250.41,41.11896,0,7128.838,10726.62,0,22707.25
1/07/2007 11:00,1.050766,75.48503,-123.205,25.9189,0.992409,14641.13,3.117664,41.16531,0,10596.73,10596.73,0,0,0,10596.73,138.555,0,0,14682.3,11111.12,10555.57,0,0,47170.22,15226.76,3530.011,0,-3530.011,34599.28,45.52536,0,11676.99,11712.91,41.16531,29867.89
1/07/2007 12:00,1.024592,81.22778,168.5614,22.62529,0.9725914,14348.76,3.48998,266.566,0,5911.771,5911.771,0,0,0,5911.771,247.2242,0,0,14615.33,5942.322,5645.206,0,0,43640.21,18403.77,8406.44,0,-8406.44,42574.32,56.01884,0,6636.231,11479.01,266.566,32752.53
1/07/2007 13:00,0.9295858,72.68515,115.7194,27.90096,0.8760667,12924.72,3.965763,882.1044,0,6942.845,6942.845,0,0,0,6942.845,198.8641,0,0,13806.83,6379.727,6060.74,0,0,35233.77,25969.56,6544.995,0,-6544.995,48783.45,64.18874,0,8078.182,10339.78,882.1044,38894.29
1/07/2007 14:00,0.8550906,60.40255,99.04893,38.34932,0.7877892,11622.35,3.885764,773.6945,0,7926.957,7926.957,0,0,0,7926.957,156.3784,0,0,12396.05,7529.75,7153.262,0,0,28688.78,31860.06,4092.603,0,-4092.603,52666.04,69.2974,0,9106.499,9297.882,773.6945,43482.41
1/07/2007 15:00,0.6857678,47.61282,89.87709,50.85563,0.6065558,8948.593,4.346207,1668,0,5899.195,5899.195,0,0,0,5899.195,179.9668,0,0,10616.59,4453.89,4231.195,0,0,24596.17,35543.4,4494.703,0,-4494.703,56930.09,74.908,0,7323.115,7158.875,1668,44491.99
1/07/2007 16:00,0.5150199,34.81112,82.80523,64.19661,0.4193751,6187.092,4.732753,2491.77,0,7956.962,7956.962,0,0,0,7956.962,109.0726,0,0,8678.863,5752.833,5465.191,0,0,20101.47,39588.63,434.2592,0,-434.2592,57342.06,75.45007,0,9998.543,4949.674,2491.77,45775.73
1/07/2007 17:00,0.3429601,22.19423,76.28285,77.89978,0.2219025,3273.756,6.249991,7173.609,0,9447.672,9447.672,0,0,0,9447.672,110.5814,0,0,10447.37,2393.75,2274.062,0,0,19667.21,39979.47,880.006,0,-880.006,58176.91,76.54855,0,13979.24,2619.005,7173.609,43253.22
1/07/2007 18:00,0.1655357,9.926904,69.57956,91.73811,0.0244403,360.5708,9.563681,19644.02,0,6240.182,6240.182,0,0,0,6240.182,320.5771,0,0,20004.59,0,0,13403.84,12733.65,18787.2,40771.47,13094.22,0,-13094.22,70599.17,92.89363,0,16686.21,288.4566,19644.02,41132.04
1/07/2007 19:00,0.006947188,0,62.1624,90,0,0,12.77136,21000,0,11288.92,11288.92,0,0,0,11288.92,186.0231,3718.464,0,21000,0,0,5992.618,5692.987,5692.987,52556.27,5692.987,0,-5692.987,76000.02,100,0,22917.81,0,21000,52556.27
1/07/2007 20:00,0,0,53.50135,90,0,0,12.82687,21000,0,7731.583,7731.583,0,0,0,7731.583,271.6132,13268.42,0,21000,0,0,0,0,0,57679.96,0,0,0,76000.02,100,0,19004.74,0,21000,57679.96
1/07/2007 21:00,0,0,43.01263,90,0,0,10.22356,20816.27,0,9377.525,9377.525,0,0,0,9377.525,221.9804,11438.74,0,20816.27,0,0,0,0,0,57679.96,0,0,0,76000.02,100,0,20723.41,0,20816.27,57679.96
1/07/2007 22:00,0,0,30.15481,90,0,0,10.45191,21000,0,4244.203,4244.203,0,0,0,4244.203,494.7925,16755.8,0,21000,0,0,0,0,0,57679.96,0,0,0,76000.02,100,0,15168.62,0,21000,57679.96
1/07/2007 23:00,0,0,14.80685,90,0,0,11.04481,21000,0,7786.798,7786.798,0,0,0,7786.798,269.6873,13213.2,0,21000,0,0,0,0,0,57679.96,0,0,0,76000.02,100,0,19065.48,0,21000,57679.96
