Latitude,Longitude,PV Capacity (kW),Wind Turbine Capacity (kW),Genset Capacity (kW),Battery Energy Capacity (kWh),Battery Power Capacity (kW),Total System Generation (kWh),Total PV Generation (kWh),Total Wind Generation (kWh),Total Genset Generation (kWh),Total Battery Generation (kWh),Total Load Served (kWh),Total CO2 emissions (tonne),System Cost ($),System NPC ($),System LCOE ($/kWh),Deficit Hours Fixed,Total Load Reduction (kWh),Total Charging Prevented (kWh),Demand Not Served (kWh),Load Reduction Percentage,Demand Met Percentage,Project Lifetime (years),Deposit_ID,Configuration_Index
-33.5265,149.1588,28436.81374,17000,19000.0,77000.0,9000,2554576224.2851734,1304535473.9783332,155364417.90286157,1094676332.4039783,-76785.10224714303,1969558247.65,716465.6595584039,736505313.9695268,176533677.7179718,0.37394441867779044,21500,0.0,117025443.7978227,3.410605131648481e-10,0.0,100.0,25,DEP_0,0
-31.1629,145.6538,18441.40503,21000,19000.0,76000.0,9000,2761862270.8247333,967800055.3608524,1106627640.5573769,687434574.9065043,-90992.16343111367,1969558247.65,449925.92927630706,569048450.4561179,136395778.62283823,0.28892186922376334,25700,0.0,124523080.85472928,3.183231456205249e-10,0.0,100.0,25,DEP_1,1
-31.5001,145.8422,17685.31381,22000,19000.0,73000.0,9000,2751479092.913022,921722028.4145285,1155311960.5629752,674445103.9355181,-85145.29115032878,1969558247.65,441424.3205257966,561888153.9198222,134679520.15582082,0.2852863857112351,25975,0.0,122675138.05158865,3.637978807091713e-10,0.0,100.0,25,DEP_2,2
-31.5161,145.8551,17810.82078,22000,19000.0,73000.0,9000,2749573050.7450266,919277826.0546436,1155311960.5629752,674983264.127408,-85293.69269604,1969558247.65,441776.54637138854,562783242.659889,134894064.84975696,0.28574084738614863,25900,0.0,121108562.1383921,2.955857780762017e-10,0.0,100.0,25,DEP_3,3
-31.5212,145.8578,17760.42004,22000,19000.0,73000.0,9000,2747191608.724272,916676470.2119769,1155311960.5629752,675203177.9493201,-85180.92718306469,1969558247.65,441920.47996782995,562795981.8081293,134897118.30863526,0.28574731540924747,25850,0.0,120736837.59195949,2.7284841053187847e-10,0.0,100.0,25,DEP_4,4
-31.2586,146.8719,17537.24375,22000,19000.0,67000.0,9000,2665997364.627157,898492883.865336,1045395527.5277789,722108953.2340422,-90568.5681606124,1969558247.65,472620.3098916806,574513984.4077127,137705817.79141834,0.29169687420679247,26475,0.0,121028304.1480708,3.637978807091713e-10,0.0,100.0,25,DEP_5,5
-35.5901,149.4372,30478.13677,15000,19000.0,74000.0,9000,2633343869.373826,1314872788.9077792,304766218.6807436,1013704861.785303,-68110.35034234231,1969558247.65,663469.8320384808,699480016.2680908,167659047.96600276,0.3551456358818954,19300,0.0,92508242.58206236,4.547473508864641e-10,0.0,100.0,25,DEP_6,6
-31.3956,146.7216,17467.02832,22000,19000.0,68000.0,9000,2664861940.440004,896099129.3872277,1045395527.5277789,723367283.5249972,-89209.46172789359,1969558247.65,473443.8870671107,575518415.444166,137946570.84712067,0.29220685203438485,26800,0.0,123496263.75773942,4.547473508864641e-10,0.0,100.0,25,DEP_7,7
-32.9135,148.0498,17088.81462,24000,19000.0,68000.0,9000,2619060652.2735353,826003297.8839327,1055594516.6202637,737462837.7693388,-79234.92782205067,1969558247.65,482669.42732003226,588332850.8924683,141018075.38980478,0.29871310056173467,28225,0.0,119904920.93950216,2.7284841053187847e-10,0.0,100.0,25,DEP_8,8
-31.9665,141.465,14450.68255,21000,19000.0,61000.0,9000,2665167922.309655,779766277.0188689,1240829824.1121292,644571821.1786572,-27352.76901198495,1969558247.65,421872.25696143106,525840165.4244305,126039142.60154572,0.26698381022843193,25025,0.0,100069242.08303443,6.139089236967266e-10,0.0,100.0,25,DEP_9,9
-32.0637,146.3085,15394.4456,23000,19000.0,62000.0,9000,2655808950.137194,786297525.585252,1187220373.280811,682291051.271131,-82385.73457390949,1969558247.65,446559.4930569552,550192984.648006,131876293.61566125,0.2793484200350382,27000,0.0,116375208.53441311,3.637978807091713e-10,0.0,100.0,25,DEP_10,10
-33.4574,148.9957,21828.31549,23000,19000.0,74000.0,9000,2462986845.9558463,997104333.010555,538578000.2053305,927304512.7399607,-65072.26276928042,1969558247.65,606920.8035883043,680683897.0078214,163153787.79081514,0.34560231860113144,29750,0.0,145328943.46254253,9.094947017729282e-10,0.0,100.0,25,DEP_11,11
-35.0613,149.5717,26169.2496,20000,19000.0,77000.0,9000,2858096751.277727,1179264741.117542,939793818.3290863,739038191.8310989,-74507.70201213297,1969558247.65,483700.4965534542,597758102.482663,143277223.14485148,0.30349856532340924,20150,0.0,93467939.3846527,1.5916157281026244e-10,0.0,100.0,25,DEP_12,12
-29.5,152.4897,31982.07477,1000,19000.0,58000.0,9000,2544611929.8242292,1319112836.6339426,2781829.088300931,1222717264.101986,-95594.97440246982,1969558247.65,800268.4493547498,705122014.1297624,169011383.9414619,0.3580102365447107,15800,0.0,84426541.7470266,3.865352482534945e-10,0.0,100.0,25,DEP_13,13
-34.1848,147.3854,16054.55248,23000,19000.0,64000.0,9000,2563433404.6420236,780004141.7633657,1013405260.731057,770024002.1476005,-64591.94742368917,1969558247.65,503980.7094056045,590819110.3909469,141614009.35620356,0.29997544428852974,28650,0.0,118293496.23188828,5.911715561524034e-10,0.0,100.0,25,DEP_14,14
-32.2205,147.448,15706.28512,23000,19000.0,63000.0,9000,2622928082.576359,784588298.9298203,1110362753.4274683,727977030.21907,-82174.39387487629,1969558247.65,476460.9662783813,573056583.9190543,137356492.04550597,0.2909569110752642,26475,0.0,109315708.13381791,3.865352482534945e-10,0.0,100.0,25,DEP_15,15
-29.3469,151.5477,25678.69151,20000,19000.0,86000.0,9000,2844449905.0778947,1237406248.868866,832541699.4329355,774501956.7760934,-94008.95730747454,1969558247.65,506911.53070995305,629970976.2636614,150998358.30920652,0.3198539454292952,20050,0.0,96665622.6989671,1.8189894035458565e-10,0.0,100.0,25,DEP_16,16
-31.5303,146.6862,19475.91285,22000,19000.0,76000.0,9000,2766615087.011073,1009427203.6619645,1045395527.5277789,711792355.8213294,-91746.25393511425,1969558247.65,465868.09688506,583597343.9922322,139883017.11785305,0.29630875080163677,24875,0.0,122170210.33277503,2.7284841053187847e-10,0.0,100.0,25,DEP_17,17
-17.1813,137.7848,20225.04191,21000,19000.0,68000.0,9000,2673869608.0148754,1105641687.239017,877806037.4059093,690421883.3699491,-44965.54384387235,1969558247.65,451881.12266563164,560879659.3084848,134437793.09788746,0.28477434469262564,26350,0.0,129054967.7286377,1.5916157281026244e-10,0.0,100.0,25,DEP_18,18
-19.6271,134.15,16409.19624,20000,19000.0,74000.0,9000,2749074239.615075,946967976.8009256,1212871536.6597278,589234726.1544219,-37972.96235979202,1969558247.65,385654.1282680691,518153526.05299324,124196724.5065315,0.26308108768615185,29275,0.0,127145701.7674952,2.7284841053187847e-10,0.0,100.0,25,DEP_19,19
-16.436,136.0985,18990.5904,21000,19000.0,71000.0,9000,2625210785.421401,1034662716.6347371,839951986.1844273,750596082.6022369,-49024.81222601239,1969558247.65,491265.136063164,586962569.8473377,140689631.38836184,0.29801737041678183,27125,0.0,129435600.98980263,2.0463630789890885e-10,0.0,100.0,25,DEP_20,20
-17.1727,137.752,19728.9844,21000,19000.0,67000.0,9000,2646701014.0324802,1075049677.535554,877806037.4059093,693845299.0910169,-44869.20263872943,1969558247.65,454121.74825507053,559644637.9606384,134141769.62533371,0.2841472896921858,27225,0.0,133165662.94075014,2.0463630789890885e-10,0.0,100.0,25,DEP_21,21
-19.4448,133.8237,15922.68528,20000,19000.0,71000.0,9000,2707602662.958324,908741729.5816454,1210695689.3768253,588165243.999853,-55511.19435647962,1969558247.65,384954.1521979038,514413365.07995594,123300241.67157559,0.261182102988695,30925,0.0,129323018.52913168,1.5916157281026244e-10,0.0,100.0,25,DEP_22,22
-19.6751,134.2835,15912.82808,21000,19000.0,67000.0,9000,2752827588.69594,916076683.6494892,1257321691.3334355,579429213.7130157,-39148.946117494896,1969558247.65,379236.42037516873,506264460.62723804,121347022.80794337,0.25704467549070614,28750,0.0,119829981.1247936,3.865352482534945e-10,0.0,100.0,25,DEP_23,23
-19.7033,134.2407,16132.41172,20000,19000.0,74000.0,9000,2732737486.8497543,930350288.98212,1212871536.6597278,589515661.2079067,-36967.28950439453,1969558247.65,385838.0002605749,517825624.73237205,124118129.51887846,0.2629146029827863,29350,0.0,126296414.97337818,6.821210263296962e-11,0.0,100.0,25,DEP_24,24
-19.4354,134.0661,16695.84232,21000,19000.0,73000.0,9000,2799299668.934003,966757808.9004527,1257321691.3334355,575220168.7001147,-38344.28453791968,1969558247.65,376481.6004142251,513969945.8300344,123193958.07867426,0.2609569665904947,28775,0.0,125343289.22216651,2.5011104298755527e-10,0.0,100.0,25,DEP_25,25
-19.7115,134.2901,16176.13658,20000,19000.0,74000.0,9000,2735553816.9839244,933586363.8819016,1212871536.6597278,589095916.442295,-37071.7971039325,1969558247.65,385563.277311482,517767998.9043552,124104317.12790395,0.26288534473257436,29300,0.0,125965404.68050425,1.5916157281026244e-10,0.0,100.0,25,DEP_26,26
-22.6513,136.268,14918.58508,22000,19000.0,64000.0,9000,2777358399.5106845,864201045.9096074,1290846111.222006,622311242.3790709,-74781.60623640695,1969558247.65,407302.7081371019,523211605.81038797,125409100.58152702,0.2656492167391666,22025,0.0,95119241.57290882,2.0463630789890885e-10,0.0,100.0,25,DEP_27,27
-13.4996,131.713,22291.94354,19000,19000.0,69000.0,9000,2657005880.118714,1169449637.3273325,637050811.3627095,850505431.428672,-62780.004956817094,1969558247.65,556655.8048700658,622020835.7269349,149092781.3626414,0.3158174359499679,26650,0.0,143237040.85943705,9.094947017729282e-11,0.0,100.0,25,DEP_28,28
-19.4387,134.0281,18040.53608,20000,19000.0,70000.0,9000,2820884105.834028,1034770134.0126563,1210695689.3768253,575418282.4445462,-61610.40289334954,1969558247.65,376611.2658599555,509274857.58003056,122068587.79245539,0.25857313851351055,27700,0.0,124561301.15774779,4.547473508864641e-11,0.0,100.0,25,DEP_29,29
-19.486,133.9023,15871.28668,20000,19000.0,68000.0,9000,2707828138.947403,907919151.6436483,1210695689.3768253,589213297.9269292,-57536.9844580021,1969558247.65,385640.1034931751,510723134.4080788,122415726.67924915,0.25930846930648216,29700,0.0,124974687.82903689,1.8189894035458565e-10,0.0,100.0,25,DEP_30,30
-12.9681,131.1124,25345.40787,18000,19000.0,84000.0,9000,2682659334.486612,1281816506.5213528,507035012.1828494,893807815.7824097,-59644.084494835675,1969558247.65,584997.2154295872,663482512.4422228,159030771.1314514,0.33686869288271326,26075,0.0,141326794.96672478,9.094947017729282e-11,0.0,100.0,25,DEP_31,31
-19.5535,134.0588,16063.66378,21000,19000.0,67000.0,9000,2746778571.8735814,918840021.5334121,1255561116.4778647,572377433.8623048,-57674.6670925702,1969558247.65,374621.03046287847,504247640.3303581,120863609.18206531,0.2560206792218543,29375,0.0,120991695.4704836,9.094947017729282e-11,0.0,100.0,25,DEP_32,32
-12.9939,130.9975,25319.51565,17000,19000.0,92000.0,9000,2669561939.437296,1281626180.0714896,483169244.5318711,904766514.8339354,-47706.79321043244,1969558247.65,592169.6839588106,675237114.6626806,161848243.21309224,0.3428368343349821,27575,0.0,152849413.0195554,9.094947017729282e-11,0.0,100.0,25,DEP_33,33
-19.6671,134.22,16556.37177,20000,19000.0,74000.0,9000,2755176433.150074,952337056.764315,1212871536.6597278,589967839.7260312,-38483.43134842372,1969558247.65,386133.9511006874,518494021.73364276,124278338.24863498,0.2632539668995774,29300,0.0,127329244.67024249,2.5011104298755527e-10,0.0,100.0,25,DEP_34,34
-22.6868,136.2415,15053.47377,21000,19000.0,65000.0,9000,2753842060.435091,868588824.7659558,1250810376.6875725,634442858.9815624,-75272.31469686603,1969558247.65,415242.85120343254,527688507.0103021,126482173.40070501,0.2679222651271774,22500,0.0,99933482.90098178,3.183231456205249e-10,0.0,100.0,25,DEP_35,35
-19.7162,134.2817,16176.13658,20000,19000.0,74000.0,9000,2735553816.9839244,933586363.8819016,1212871536.6597278,589095916.442295,-37071.7971039325,1969558247.65,385563.277311482,517767998.9043552,124104317.12790395,0.26288534473257436,29300,0.0,125965404.68050425,1.5916157281026244e-10,0.0,100.0,25,DEP_36,36
-21.5127,134.1564,14744.51506,20000,19000.0,72000.0,9000,2724140295.155739,846780217.9930034,1269005582.1935475,608354494.9691877,-77330.34955115768,1969558247.65,398168.0169573333,522154007.37575626,125155603.78025068,0.2651122443313215,26675,0.0,110890460.63855927,1.8189894035458565e-10,0.0,100.0,25,DEP_37,37
-20.7434,139.4783,16850.07024,21000,19000.0,71000.0,9000,2764837751.3951464,963652190.4155744,1130509813.9215286,670675747.0580437,-62228.45423093469,1969558247.65,438957.2764494896,550348632.1574132,131913600.91914181,0.27942744664397096,25350,0.0,115360750.32044016,1.1368683772161603e-10,0.0,100.0,25,DEP_38,38
-23.6356,150.375,18951.2456,23000,19000.0,77000.0,9000,2705036597.437443,983929551.5168704,1072414736.6076221,648692309.31295,-77334.96067079908,1969558247.65,424569.1164453258,564763412.0605518,135368693.5865403,0.28674623496634605,25950,0.0,115827293.18526156,1.8189894035458565e-10,0.0,100.0,25,DEP_39,39
-21.54,140.5017,16184.22219,21000,19000.0,74000.0,9000,2770603544.668554,931020994.9525353,1178198153.776527,661384395.9394917,-69149.36987628258,1969558247.65,432876.08714239736,551757068.7093476,132251190.4512598,0.2801425494106014,25200,0.0,113797503.35862392,9.094947017729282e-11,0.0,100.0,25,DEP_40,40
-20.5711,139.472,16800.98875,21000,19000.0,71000.0,9000,2764622009.731381,964281453.8691351,1130509813.9215286,669830741.9407171,-64615.677912345105,1969558247.65,438404.22060019936,549984697.2697152,131826369.01061837,0.2792426666872815,25125,0.0,113848625.32957834,1.8189894035458565e-10,0.0,100.0,25,DEP_41,41
-19.6961,139.366,17555.16313,22000,19000.0,71000.0,9000,2777167014.066284,980265296.7580131,1121109757.8978546,675791959.4104167,-44700.31959047863,1969558247.65,442305.83743411774,555315371.5322918,133104083.52868105,0.28194919962122084,25875,0.0,123335344.96005844,1.3642420526593924e-10,0.0,100.0,25,DEP_42,42
-22.0939,140.5736,15673.6825,22000,19000.0,72000.0,9000,2772894713.510207,910961980.7824706,1202035294.1537237,659897438.5740126,-73053.2149864093,1969558247.65,431902.87354669126,550076850.5305371,131848457.31566931,0.2792894554841764,23450,0.0,109794119.66093837,9.094947017729282e-11,0.0,100.0,25,DEP_43,43
-20.7216,139.4782,16973.70851,21000,19000.0,70000.0,9000,2766303460.865706,963075752.2821332,1130509813.9215286,672717894.6620439,-61425.83005232709,1969558247.65,440293.8620563077,550183795.8794465,131874091.1507547,0.27934375463934835,24900,0.0,113153992.95242102,9.094947017729282e-11,0.0,100.0,25,DEP_44,44
-18.5074,144.0999,18083.87628,21000,19000.0,78000.0,9000,2726548606.8982935,993989286.6006758,1032518237.3804405,700041082.9171772,-24637.915229744875,1969558247.65,458176.88876929245,571790796.5051532,137053094.22454426,0.2903142352796073,25675,0.0,114724098.70684324,2.2737367544323206e-11,0.0,100.0,25,DEP_45,45
-20.8766,139.9862,16280.1471,21000,19000.0,71000.0,9000,2750009048.92959,933968644.0844951,1144750974.5058587,671289430.3392366,-60266.80054091162,1969558247.65,439358.93215703033,550844826.7434376,132032534.2838755,0.27967937856150443,25575,0.0,114614972.42342338,6.821210263296962e-11,0.0,100.0,25,DEP_46,46
-17.1187,144.4047,20351.67849,21000,19000.0,79000.0,9000,2759612367.858705,1105199461.0311968,889116793.9851075,765296112.8424006,-38392.599746239175,1969558247.65,500886.30585535115,607212360.4552202,145543323.4680041,0.30829875743950313,25100,0.0,119938886.36014852,1.5916157281026244e-10,0.0,100.0,25,DEP_47,47
-20.7759,140.0445,17009.51653,22000,19000.0,71000.0,9000,2815404543.212191,977414678.0221788,1182095053.7394774,655894811.4505349,-46731.32963409636,1969558247.65,429283.1540943751,548720188.9609939,131523277.77962592,0.27860064032922377,23950,0.0,110613334.5506262,9.094947017729282e-11,0.0,100.0,25,DEP_48,48
-20.7216,139.4782,16973.70851,21000,19000.0,70000.0,9000,2766303460.865706,963075752.2821332,1130509813.9215286,672717894.6620439,-61425.83005232709,1969558247.65,440293.8620563077,550183795.8794465,131874091.1507547,0.27934375463934835,24900,0.0,113153992.95242102,9.094947017729282e-11,0.0,100.0,25,DEP_49,49
-21.0446,139.9062,16411.0798,22000,19000.0,70000.0,9000,2777026923.134573,933538210.0643787,1182095053.7394774,661393659.3307171,-68140.39381734096,1969558247.65,432882.1500319543,548990527.3492151,131588075.45181628,0.27873789871624727,24550,0.0,110344244.56211908,2.955857780762017e-10,0.0,100.0,25,DEP_50,50
-20.1656,139.4582,17976.68843,20000,19000.0,76000.0,9000,2767900101.586571,1026851133.0872746,1054974133.7014952,686074834.7978016,-45272.95090341798,1969558247.65,449035.9793751611,561808582.7401738,134660447.66208962,0.28524598519008104,25750,0.0,123963305.32649465,9.094947017729282e-11,0.0,100.0,25,DEP_51,51
-18.609,143.993,17410.26778,21000,19000.0,78000.0,9000,2738095706.849677,968055879.6384943,1040149989.9686877,729889837.2424952,-30817.751246086085,1969558247.65,477712.89847521303,581455970.3444152,139369749.17769378,0.2952215153007969,26350,0.0,117924419.53717326,2.5011104298755527e-10,0.0,100.0,25,DEP_52,52
-20.7187,140.6487,19021.42801,20000,19000.0,78000.0,9000,2869051101.104253,1089661203.8424346,1083881920.2806191,695507976.9811994,-50036.82539948914,1969558247.65,455209.970934195,568799689.4501932,136336152.85447547,0.2887955662793232,23875,0.0,117560961.14866547,2.2737367544323206e-11,0.0,100.0,25,DEP_53,53
-20.4447,140.7058,18000.30072,20000,19000.0,64000.0,9000,2813368249.119602,1030573522.2491658,1083881920.2806191,698912806.589817,-63312.301721576136,1969558247.65,457438.4319130352,549615601.9302785,131737900.18837982,0.27905526662441105,23550,0.0,112365854.19533,2.2737367544323206e-11,0.0,100.0,25,DEP_54,54
-20.2545,140.1558,18211.75313,21000,19000.0,73000.0,9000,2838662997.298342,1038145978.1000965,1128163955.0256488,672353064.1725969,-48387.03253447615,1969558247.65,440055.0805009647,554312197.1276125,132863631.67627542,0.28143985982084874,24425,0.0,117259781.77975689,4.547473508864641e-11,0.0,100.0,25,DEP_55,55
-20.5636,139.9752,16969.68752,21000,19000.0,70000.0,9000,2774649639.0415463,968049805.5691592,1128163955.0256488,678435878.4467384,-48919.9158676314,1969558247.65,444036.2824433902,551649477.1206882,132225401.71833785,0.28008792214137096,25925,0.0,119139419.2175169,6.821210263296962e-11,0.0,100.0,25,DEP_56,56
-21.6784,140.4744,16649.61687,21000,19000.0,72000.0,9000,2793104156.9946566,957389513.5755593,1178198153.776527,657516489.6425704,-76946.84410376506,1969558247.65,430344.5424710623,547396584.8502711,131206021.81815952,0.27792860937390573,24200,0.0,109465091.20407528,1.3642420526593924e-10,0.0,100.0,25,DEP_57,57
-20.625,140.6885,18893.88557,20000,19000.0,76000.0,9000,2867400303.1181035,1089240942.3368979,1083881920.2806191,694277440.5005864,-49141.047471136706,1969558247.65,454404.5848076338,565039474.6826758,135434863.30594313,0.28688639970757857,23775,0.0,117363387.12086608,2.2737367544323206e-11,0.0,100.0,25,DEP_58,58
-20.7406,139.9112,16955.49774,21000,19000.0,75000.0,9000,2777804673.8183827,970556184.0152124,1128163955.0256488,679084534.7775217,-41095.180972287315,1969558247.65,444460.82801188796,559075980.3482566,134005467.52707046,0.2838585662624216,26600,0.0,123769463.78442252,6.821210263296962e-11,0.0,100.0,25,DEP_59,59
-21.545,140.497,16184.22219,21000,19000.0,74000.0,9000,2770656199.527623,931436298.534219,1178198153.776527,661021747.2168775,-74211.58536455987,1969558247.65,432638.7335534463,551377524.0925633,132160217.0315327,0.27994984395635186,25400,0.0,114079041.82820483,6.821210263296962e-11,0.0,100.0,25,DEP_60,60
-19.474,139.3889,18019.06674,21000,19000.0,64000.0,9000,2786650361.316622,1021412106.1246938,1084614748.113603,680623507.0783248,-57319.09003646437,1969558247.65,445468.0853827636,544482202.2884974,130507470.61676477,0.27644889555216373,24575,0.0,119556308.63798381,1.3642420526593924e-10,0.0,100.0,25,DEP_61,61
-21.2785,140.5052,16913.67058,21000,19000.0,71000.0,9000,2814571019.6388702,981152693.8531939,1178198153.776527,655220172.0091493,-77858.352470113,1969558247.65,428841.6025799882,544772060.4077449,130576946.99234091,0.27659606465447045,23975,0.0,109628433.82901736,2.2737367544323206e-11,0.0,100.0,25,DEP_62,62
-20.9549,140.9799,18909.4428,20000,19000.0,76000.0,9000,2886240345.0703325,1083637951.1827402,1108910792.2701948,693691601.6173975,-54717.71346664059,1969558247.65,454021.15325858665,567154976.7852193,135941930.0701587,0.2879604994987716,22575,0.0,110574671.73141754,0.0,0.0,100.0,25,DEP_63,63
-19.1596,139.4342,18131.02178,21000,19000.0,64000.0,9000,2763806197.3887725,1017545049.7725097,1048959571.1292604,697301576.4870023,-57722.60805150164,1969558247.65,456383.88181074295,550790438.6177673,132019497.94093722,0.2796517641836432,25275,0.0,122508212.71395802,9.094947017729282e-11,0.0,100.0,25,DEP_64,64
-24.017,148.917,23173.48546,20000,19000.0,83000.0,9000,2669226169.0724125,1233957036.3174767,504623083.99790365,930646048.7570322,-91755.32084867317,1969558247.65,609107.8389114776,680224323.5787762,163043632.18694916,0.3453689802728065,23750,0.0,134889626.97912562,3.637978807091713e-10,0.0,100.0,25,DEP_65,65
-20.3054,140.1508,18886.2625,21000,19000.0,75000.0,9000,2875845102.5995016,1079124615.099209,1128163955.0256488,668556532.4746438,-46518.53629966098,1969558247.65,437570.25050465437,556381050.3673931,133359517.12903446,0.2824902746751691,23825,0.0,116289453.0490763,6.821210263296962e-11,0.0,100.0,25,DEP_66,66
-22.0815,140.5842,15849.22853,22000,19000.0,71000.0,9000,2781157649.6537867,919441154.4669951,1202035294.1537237,659681201.0330678,-74775.7933640955,1969558247.65,431761.34607614286,548659374.5024203,131508701.10268037,0.27856976312178594,22875,0.0,107604893.98333612,9.094947017729282e-11,0.0,100.0,25,DEP_67,67
-35.0919,139.0054,12336.03896,24000,19000.0,53000.0,9000,2458511715.120696,541198832.5529183,1155255972.1340544,762056910.4337234,-18127.687598789456,1969558247.65,498766.247878872,578628494.1234504,138692028.64196974,0.29378592626739897,24600,0.0,81120472.96108791,9.890754881780595e-10,0.0,100.0,25,DEP_68,68
-29.72,135.5749,13894.78337,22000,19000.0,61000.0,9000,2714385868.945711,768949729.1453557,1308378695.9072113,637057443.893144,-39922.88313774268,1969558247.65,416954.09702806274,523669079.08377653,125518752.79703338,0.2658814887595216,26875,0.0,104665570.93502858,4.320099833421409e-10,0.0,100.0,25,DEP_69,69
-31.1051,137.1544,14759.28328,22000,19000.0,59000.0,9000,2746755770.811746,810304998.3974832,1283535218.4866028,652915553.9276601,-44998.12340386106,1969558247.65,427333.23004565353,526244720.22496474,126136110.736632,0.2671892140549077,25775,0.0,100592272.8615271,2.2737367544323206e-10,0.0,100.0,25,DEP_70,70
-30.4374,136.8893,14164.69687,23000,19000.0,62000.0,9000,2744468966.773958,780925607.6899521,1309262453.9464564,654280905.1375494,-31658.490833602642,1969558247.65,428226.8524125261,535593506.1654315,128376930.36544591,0.2719358550601287,26825,0.0,100386444.9159231,4.092726157978177e-10,0.0,100.0,25,DEP_71,71
-33.9763,137.689,11264.24256,23000,19000.0,58000.0,9000,2853330428.7829804,544913875.2775455,1734239912.2777832,574176641.2276522,-24321.705319394794,1969558247.65,375798.6116834983,487005288.12829566,116730772.94992293,0.2472662530846048,19725,0.0,69108253.82529649,5.229594535194337e-10,0.0,100.0,25,DEP_72,72
-34.0407,137.6207,11396.11,22000,19000.0,56000.0,9000,2785414377.3341055,553008847.2121334,1645639554.4717724,586765975.6501998,-24911.20370146953,1969558247.65,384038.3310630558,487543206.86172664,116859707.21628167,0.24753936952280756,19775,0.0,71117372.8996511,4.547473508864641e-10,0.0,100.0,25,DEP_73,73
-34.5375,137.8722,9743.093869,22000,19000.0,54000.0,9000,2618856583.712764,447246564.680094,1514797666.7184496,656812352.3142201,-19910.906627786557,1969558247.65,429883.684589657,516203833.56618273,123729400.81098245,0.262091174090483,21500,0.0,75289049.61673035,6.252776074688882e-10,0.0,100.0,25,DEP_74,74
-41.603,145.6999,19743.02812,25000,19000.0,61000.0,9000,2222382040.411059,644335915.0823536,571146081.2144866,1006900044.1142186,-15568.759796772672,1969558247.65,659016.078872756,718176326.5042655,172140384.81876665,0.364638277319884,25725,0.0,95859775.20466487,1.8417267710901797e-09,0.0,100.0,25,DEP_75,75
-41.477,145.385,15529.3955,26000,19000.0,61000.0,9000,2143475681.4074411,497749871.0124115,590260489.0933994,1055465321.3016304,3144.364812913419,1969558247.65,690802.0527919171,738738402.9321557,177068928.9914753,0.37507822061804447,24250,0.0,76622434.46473941,1.659827830735594e-09,0.0,100.0,25,DEP_76,76
-41.7723,145.5431,19375.72912,27000,19000.0,66000.0,9000,2468897554.739287,587651817.6791271,1059427069.1416094,821818667.9185504,-2169.6142475367014,1969558247.65,537880.3181526912,645915740.8955652,154820174.50988892,0.32794954993905184,24875,0.0,89533841.0618611,1.0800249583553523e-09,0.0,100.0,25,DEP_77,77
-41.8501,145.5144,19880.06267,24000,19000.0,62000.0,9000,2417223662.713679,619364855.745534,953392635.854288,844466171.1138568,-9713.154304510026,1969558247.65,552703.1089940192,641558825.6749904,153775861.247235,0.32573742180028104,25000,0.0,91273528.22094475,1.1596057447604835e-09,0.0,100.0,25,DEP_78,78
-41.5746,145.7221,19892.78569,25000,19000.0,61000.0,9000,2216934154.642934,629347502.9454803,571146081.2144866,1016440570.4829668,-12978.42958496723,1969558247.65,665260.3533811017,722187688.94739,173101872.19884795,0.366674958615251,25375,0.0,94497347.26710981,1.8076207197736949e-09,0.0,100.0,25,DEP_79,79
-41.2245,148.0131,14144.75979,24000,19000.0,60000.0,9000,2803190458.1924114,516677172.2611189,1690265825.750146,596247460.1811466,-41287.4068179685,1969558247.65,390243.9626885604,511224280.91517735,122535846.97477941,0.25956291545332577,21125,0.0,72679163.99993904,3.410605131648481e-10,0.0,100.0,25,DEP_80,80
-41.2021,146.8156,13152.93281,26000,19000.0,60000.0,9000,2794696984.201331,516321719.0326002,1663411149.3262944,614964115.8424363,-45741.82845947712,1969558247.65,402494.01381887455,525909583.57523084,126055781.50588046,0.26701905577188473,22475,0.0,74691889.17908564,6.59383658785373e-10,0.0,100.0,25,DEP_81,81
-41.4269,145.5264,18874.67604,25000,19000.0,61000.0,9000,2204251407.0393896,621706495.7132801,571146081.2144866,1011398830.1116226,-11965.296724403306,1969558247.65,661960.5343080569,719317003.4568201,172413794.79110926,0.36521743102296217,26350,0.0,97876481.30317792,1.8985701899509877e-09,0.0,100.0,25,DEP_82,82
-42.061,145.5855,14801.67929,25000,19000.0,63000.0,9000,2330715548.9868326,461936688.64024997,982787475.9580053,885991384.3885773,9234.806742753812,1969558247.65,579881.3610823238,659630277.0524065,158107425.0701252,0.33491280485837455,24175,0.0,71726229.10220972,1.0686562745831907e-09,0.0,100.0,25,DEP_83,83
-41.7824,145.434,14949.87374,26000,19000.0,62000.0,9000,2351545884.456259,450872362.5930579,1023817299.7890353,876856222.0741657,8966.179148569921,1969558247.65,573902.3973475414,656689249.2039163,157402487.2339449,0.33341956247673926,23975,0.0,70320441.62802842,1.1368683772161603e-09,0.0,100.0,25,DEP_84,84
-37.6078,142.6124,16850.88331,25000,19000.0,62000.0,9000,2348611177.8060637,679586946.3475944,814699213.5709867,854325017.8874826,-29013.47840154853,1969558247.65,559155.7242073574,643577409.4804115,154259697.57019693,0.32676231345191387,27450,0.0,105730946.72243635,1.2960299500264227e-09,0.0,100.0,25,DEP_85,85
-20.9168,116.8861,19643.99566,20000,19000.0,75000.0,9000,2783866581.8235817,1164216000.546786,951867794.1490633,667782787.1277322,-42974.2529914525,1969558247.65,437063.83417510067,551646326.3733196,132224646.51262516,0.28008632241850295,27700,0.0,138357704.60137117,1.3642420526593924e-10,0.0,100.0,25,DEP_86,86
-21.117,116.8296,18286.10084,21000,19000.0,70000.0,9000,2737950069.091998,1077977117.3764334,995677452.599212,664295499.1163527,-45546.573141085406,1969558247.65,434781.4041716528,545104709.9582391,130656680.08784766,0.2767649601674064,28925,0.0,137101144.51210812,6.821210263296962e-11,0.0,100.0,25,DEP_87,87
-20.7571,117.7045,19149.31518,20000,19000.0,74000.0,9000,2766004199.542857,1147009003.7237124,940517331.7350832,678477864.0840616,-49528.949536385444,1969558247.65,444063.76204301836,553588651.7135518,132690204.36961868,0.2810724955070875,26500,0.0,133586225.30447918,1.5916157281026244e-10,0.0,100.0,25,DEP_88,88
-17.3472,128.0235,21619.41159,20000,19000.0,81000.0,9000,2740640175.6823974,1180691117.9756846,800208438.305288,759740619.4014249,-56871.377576752995,1969558247.65,497250.2353982326,608032278.5645941,145739850.44008422,0.3087150528754732,26050,0.0,137658031.96776056,4.547473508864641e-11,0.0,100.0,25,DEP_89,89
-20.8771,117.8091,20008.85048,20000,19000.0,80000.0,9000,2810170239.4986744,1191713818.6357937,940517331.7350832,677939089.1277978,-54149.245203332066,1969558247.65,443711.13383414363,562567390.3183393,134842326.9912853,0.285631253094227,25525,0.0,132962719.47064707,1.1368683772161603e-10,0.0,100.0,25,DEP_90,90
-27.599,120.5777,13954.3578,21000,19000.0,65000.0,9000,2687559144.3694534,789653062.1166375,1302755740.638051,595150341.6147652,-27979.58783067479,1969558247.65,389525.89858686377,511261740.86776286,122544825.78738487,0.2595819349226053,28550,0.0,111103474.95688613,2.7284841053187847e-10,0.0,100.0,25,DEP_91,91
-28.7772,116.9626,12740.5664,22000,19000.0,66000.0,9000,2700767021.107406,725865413.9220599,1367510360.8502643,607391246.3350819,-39587.4024731286,1969558247.65,397537.57072631107,516578148.3005246,123819120.67508125,0.26228122418663447,27425,0.0,105973185.59041947,2.2737367544323206e-10,0.0,100.0,25,DEP_92,92
-28.4868,122.2385,12847.27454,22000,19000.0,63000.0,9000,2724193011.05808,719193106.0582684,1449204706.098975,555795198.9008371,-35400.25541153677,1969558247.65,363767.95768059784,492215927.38525116,117979716.16030425,0.24991184087728505,27400,0.0,107040885.40053119,1.1368683772161603e-10,0.0,100.0,25,DEP_93,93
-28.409,121.1478,13679.81463,21000,19000.0,63000.0,9000,2726456246.253584,774556358.3684431,1371032208.0167117,580867679.8684293,-29013.54373507836,1969558247.65,380177.89647388697,500788303.5446955,120034437.37073557,0.25426427684594577,27950,0.0,107602347.35845067,2.7284841053187847e-10,0.0,100.0,25,DEP_94,94
-30.9106,121.7167,13508.08188,22000,19000.0,63000.0,9000,2743666632.891722,728999897.1034569,1429547861.129993,585118874.6582723,-70214.2216537543,1969558247.65,382960.30346383917,506200096.6274817,121331595.33800648,0.2570119960815883,25700,0.0,96955817.11215082,4.547473508864641e-10,0.0,100.0,25,DEP_95,95
-31.1785,121.6775,13134.90687,22000,19000.0,59000.0,9000,2724159460.0497684,704350319.9116688,1429547861.129993,590261279.0081066,-71630.48954393443,1969558247.65,386326.0071108058,502830924.159932,120524035.10010806,0.2553013726605396,25825,0.0,95832594.76069261,4.320099833421409e-10,0.0,100.0,25,DEP_96,96
-21.147,119.2055,16895.38811,22000,19000.0,71000.0,9000,2763087695.5720468,985692197.3240976,1115840373.1087065,661555125.1392425,-58577.73795102722,1969558247.65,432987.8294036342,542129244.122606,129943487.77690908,0.27525423265316146,27875,0.0,123654020.61130351,1.8189894035458565e-10,0.0,100.0,25,DEP_97,97
-24.6431,118.5873,14948.22422,21000,19000.0,67000.0,9000,2667787738.404109,861531286.0942134,1176458604.9122825,629797847.3976133,-37953.8166206018,1969558247.65,412202.6911217379,527267025.3809506,126381148.05749471,0.2677082670746423,29450,0.0,120132461.87897334,1.3642420526593924e-10,0.0,100.0,25,DEP_98,98
-30.3934,121.652,13510.58447,22000,19000.0,59000.0,9000,2760332153.6340876,731535091.110636,1453059071.3923938,575737991.131058,-71234.01585694203,1969558247.65,376820.51519527746,495709212.39681745,118817025.05504276,0.25168547972027655,24925,0.0,95233498.53113669,3.865352482534945e-10,0.0,100.0,25,DEP_99,99
-20.8108,117.0665,18754.95263,21000,19000.0,72000.0,9000,2775223149.5273576,1123782447.1809862,995677452.599212,655763249.7471596,-52855.54813309261,1969558247.65,429197.04695951595,544357535.0083146,130477588.99467143,0.2763855984751001,28150,0.0,137572110.97655165,6.821210263296962e-11,0.0,100.0,25,DEP_100,100
-31.1389,121.6784,13145.66965,22000,19000.0,57000.0,9000,2728818853.2398624,711360708.9049381,1429547861.129993,587910283.204931,-72887.18331438412,1969558247.65,384787.2803576273,498594508.34064597,119508604.45658645,0.2531504254497421,25450,0.0,94435462.00831929,4.547473508864641e-10,0.0,100.0,25,DEP_101,101
-31.1637,121.0857,13336.73786,23000,19000.0,61000.0,9000,2767427369.0223694,711569014.2781643,1487380460.7154355,568477894.0287693,-68499.6861352427,1969558247.65,372068.7816418294,498961945.0602975,119596675.72262947,0.25333698338479677,26000,0.0,99167782.52175613,1.8189894035458565e-10,0.0,100.0,25,DEP_102,102
-23.432,117.9,19340.68048,20000,19000.0,73000.0,9000,2755237470.3290625,1095763044.312803,930481927.3608134,728992498.6554458,-73321.23899590991,1969558247.65,477125.5903699893,574886697.3433003,137795153.71881002,0.29188611102476036,27625,0.0,140857132.28756908,2.5011104298755527e-10,0.0,100.0,25,DEP_103,103
-32.7509,116.3581,12034.62249,21000,19000.0,58000.0,9000,2637037070.3010583,600754291.2387677,1433886347.9944692,602396431.0678214,-61336.53581812227,1969558247.65,394268.46413388907,500793913.2561798,120035781.96795772,0.2542671250539087,25700,0.0,92453712.4645858,7.958078640513122e-10,0.0,100.0,25,DEP_104,104
-20.8684,116.8655,18966.35413,20000,19000.0,71000.0,9000,2747968959.5667872,1126980084.285492,951867794.1490633,669121081.1322318,-46530.366479829216,1969558247.65,437939.7476010457,545638621.1321696,130784653.77835736,0.27703604185517455,28600,0.0,140280635.31192577,1.5916157281026244e-10,0.0,100.0,25,DEP_105,105
-21.2035,119.2383,17932.28856,21000,19000.0,71000.0,9000,2778039108.915131,1046577798.1669177,1064652058.3622212,666809252.385992,-62216.3430097383,1969558247.65,436426.6556866318,542327924.9757977,129991109.78457257,0.2753551084985083,26425,0.0,122782445.822598,4.547473508864641e-11,0.0,100.0,25,DEP_106,106
-27.3105,120.5528,14064.44778,21000,19000.0,65000.0,9000,2697090868.680958,800234253.282233,1302755740.638051,594100874.760674,-29810.080345326092,1969558247.65,388839.02253086114,510442519.93320227,122348465.92181638,0.25916599346185487,28075,0.0,111522552.19770285,2.2737367544323206e-10,0.0,100.0,25,DEP_107,107
-17.295,128.1877,24746.09099,19000,19000.0,91000.0,9000,2898117863.510213,1372552391.7643774,766328560.5801105,759236911.1657252,-59351.54006831656,1969558247.65,496920.5583579671,623416861.410551,149427396.12161607,0.31652623737042945,19675,0.0,110440217.22709057,6.821210263296962e-11,0.0,100.0,25,DEP_108,108
-20.9825,116.8648,18886.2625,20000,19000.0,79000.0,9000,2739938564.7675586,1114849813.4565618,951867794.1490633,673220957.1619335,-36285.192062099835,1969558247.65,440623.1164624855,558864044.4402468,133954668.40237738,0.28375096045372694,30575,0.0,150380906.13717794,1.3642420526593924e-10,0.0,100.0,25,DEP_109,109
-27.4555,120.5775,14400.66979,21000,19000.0,65000.0,9000,2713262165.9321365,818491288.9593467,1302755740.638051,592015136.3347386,-29525.836727030146,1969558247.65,387473.90673108643,510332631.261255,122322126.59875864,0.2591101998989692,28175,0.0,110497496.95499372,2.7284841053187847e-10,0.0,100.0,25,DEP_110,110
-21.6549,121.5709,16481.9942,21000,19000.0,68000.0,9000,2708215556.8064213,942516099.1066604,1133518092.0620787,632181365.6376823,-82226.6294490275,1969558247.65,413762.703809863,528367313.3079714,126644877.14487737,0.2682669141358976,30200,0.0,129921770.97775103,2.0463630789890885e-10,0.0,100.0,25,DEP_111,111
-22.1991,122.3141,17424.3308,21000,19000.0,69000.0,9000,2719537325.0261364,998803201.9270403,1084400345.370945,636333777.7281508,-77523.29865885188,1969558247.65,416480.4575230747,536368877.6184452,128562779.90597442,0.2723295329084172,31450,0.0,141870138.77643394,2.7284841053187847e-10,0.0,100.0,25,DEP_112,112
-29.1785,116.9774,12429.34271,22000,19000.0,56000.0,9000,2684815974.002907,704266698.6179923,1367510360.8502643,613038914.5346502,-43600.06950249727,1969558247.65,401233.96956292854,505240612.1245617,121101615.56080575,0.2565248388705412,25925,0.0,97880479.49723977,4.320099833421409e-10,0.0,100.0,25,DEP_113,113
-31.2166,121.68,12909.20493,22000,19000.0,59000.0,9000,2721911432.189212,703679942.959495,1429547861.129993,588683628.099724,-71175.39568504482,1969558247.65,385293.43459126935,501308299.5224172,120159075.71428128,0.25452829339805444,25675,0.0,95718137.027081,3.637978807091713e-10,0.0,100.0,25,DEP_114,114
-26.9204,120.379,14072.89108,21000,19000.0,65000.0,9000,2671173057.304473,801599301.6929598,1270045286.8687775,599528468.7427357,-28629.715521847815,1969558247.65,392391.3827921205,513563878.8861541,123096627.49647313,0.2607507950064023,28750,0.0,113714688.77068336,2.955857780762017e-10,0.0,100.0,25,DEP_115,115
-28.7452,116.9436,12740.5664,22000,19000.0,66000.0,9000,2704846599.959917,733232986.2930405,1371316237.2127655,600297376.4541112,-39010.27955115487,1969558247.65,392894.6328892158,512644987.3362334,122876377.48380563,0.2602842479768757,28275,0.0,108203554.12463923,3.183231456205249e-10,0.0,100.0,25,DEP_116,116
-21.7224,122.2109,16741.64241,21000,19000.0,68000.0,9000,2703482308.830455,957151267.095341,1118017335.8107798,628313705.9243342,-77750.33627805671,1969558247.65,411231.32052747667,528663640.5331336,126715904.10676567,0.26841736778483927,31250,0.0,134465696.00481594,1.3642420526593924e-10,0.0,100.0,25,DEP_117,117
-17.7501,127.8329,21842.73462,20000,19000.0,82000.0,9000,2798551041.060924,1210562857.4910202,863650692.5013709,724337491.0685331,-52332.49278239822,1969558247.65,474078.8879043549,595991233.5488932,142853720.60521206,0.3026014763767493,23675,0.0,126874911.08696298,6.821210263296962e-11,0.0,100.0,25,DEP_118,118
-26.9179,118.6444,15167.47127,21000,19000.0,63000.0,9000,2778449153.2582855,877845125.5816723,1335240576.534657,565363451.1419562,-49329.577637743794,1969558247.65,370030.37877241033,492143929.0334202,117962458.80506556,0.249875285293353,27675,0.0,113215103.99502508,1.8189894035458565e-10,0.0,100.0,25,DEP_119,119
-28.6691,116.3796,13068.73087,21000,19000.0,58000.0,9000,2683675174.73876,742807401.6982497,1325573736.4524467,615294036.588064,-40760.79801777836,1969558247.65,402709.9469468878,504493022.1005859,120922424.97812493,0.25614526643348945,25850,0.0,100070603.99265398,2.7284841053187847e-10,0.0,100.0,25,DEP_120,120
-28.9634,121.766,13664.79611,22000,19000.0,63000.0,9000,2767452447.2208157,758476191.5379968,1440034684.7239764,568941570.9588423,-27698.372047962734,1969558247.65,372372.25819256227,498270012.5351527,119430825.74017905,0.2529856698219862,27350,0.0,103403420.2511971,4.547473508864641e-11,0.0,100.0,25,DEP_121,121
-27.2296,120.5417,14182.64115,21000,19000.0,65000.0,9000,2669678505.9827223,800913658.7420716,1270045286.8687775,598719560.3718731,-28344.94590041985,1969558247.65,391861.95226339094,512876227.3657286,122931803.6322232,0.2604016550298386,28525,0.0,113767723.72758079,3.183231456205249e-10,0.0,100.0,25,DEP_122,122
-26.0954,127.7274,14968.32801,21000,19000.0,66000.0,9000,2702902459.737548,835839623.9783518,1253849715.7385328,613213120.0206631,-72265.02751221476,1969558247.65,401347.987053524,520378674.0286989,124730072.397127,0.264210857764473,28450,0.0,116905325.05377924,4.547473508864641e-11,0.0,100.0,25,DEP_123,123
-31.1931,121.6785,12909.31619,22000,19000.0,57000.0,9000,2712728999.08134,691201712.5709136,1429547861.129993,591979425.3804333,-72431.33711871871,1969558247.65,387450.5339114936,500306289.04163,119918902.84392962,0.2540195445545091,25825,0.0,94652619.4721861,5.002220859751105e-10,0.0,100.0,25,DEP_124,124
-28.4839,121.17,13318.0254,23000,19000.0,62000.0,9000,2792942741.9544263,747082356.5877193,1487984060.2283523,557876325.1383547,-28199.341165762802,1969558247.65,365130.0548030531,495260788.02483976,118709541.77954955,0.2514578020811345,26500,0.0,99125323.7852819,4.320099833421409e-10,0.0,100.0,25,DEP_125,125
-25.5406,119.3281,15435.85268,20000,19000.0,67000.0,9000,2681282525.399914,884052697.0708294,1194873902.8497422,602355925.4793421,-32917.121958193304,1969558247.65,394241.95322622935,513863946.1738026,123168550.91759,0.260903147590037,29225,0.0,121637140.47395219,2.7284841053187847e-10,0.0,100.0,25,DEP_126,126
-20.7886,122.1966,16074.89835,22000,19000.0,70000.0,9000,2739441715.0070734,930295445.9777077,1201986082.0799704,607160186.9493953,-74354.91571324423,1969558247.65,397386.34235837916,522939077.3723186,125343777.97415055,0.2655108464023692,29075,0.0,125363080.0220352,1.1368683772161603e-10,0.0,100.0,25,DEP_127,127
-31.8199,123.1924,13854.20378,21000,19000.0,58000.0,9000,2743410043.774207,721787655.0423517,1407176471.2896507,614445917.4422045,-73907.63762513164,1969558247.65,402154.85296592285,506517317.0709947,121407630.21579826,0.2571730578038762,23025,0.0,87399850.03749438,3.637978807091713e-10,0.0,100.0,25,DEP_128,128
-25.5443,119.348,15378.91206,20000,19000.0,67000.0,9000,2681167696.997534,885052757.2626652,1194873902.8497422,601241036.8851267,-32924.02444799719,1969558247.65,393512.2586413154,513100529.8672047,122985566.9177771,0.26051553970511726,29125,0.0,122274407.15839818,3.410605131648481e-10,0.0,100.0,25,DEP_129,129
-24.237,115.9535,17098.13167,21000,19000.0,69000.0,9000,2798518286.7816997,1012234638.0101837,1117473999.0230813,668809649.7484344,-50741.08937650433,1969558247.65,437735.9157603503,544114191.1820303,130419261.67538518,0.276262045984802,27450,0.0,130500234.63142067,1.8189894035458565e-10,0.0,100.0,25,DEP_130,130
-27.5191,120.588,13892.27005,21000,19000.0,64000.0,9000,2688134307.2090116,789761994.4483799,1302755740.638051,595616572.1225804,-29761.100704824967,1969558247.65,389831.04645422887,510085912.5826075,122262990.35781473,0.25898493390140764,28275,0.0,110060590.13609795,2.5011104298755527e-10,0.0,100.0,25,DEP_131,131
-31.1778,121.6783,13134.90687,22000,19000.0,59000.0,9000,2724159460.0497684,704350319.9116688,1429547861.129993,590261279.0081066,-71630.48954393443,1969558247.65,386326.0071108058,502830924.159932,120524035.10010806,0.2553013726605396,25825,0.0,95832594.76069261,4.320099833421409e-10,0.0,100.0,25,DEP_132,132
-28.302,120.492,13544.93226,21000,19000.0,64000.0,9000,2701643097.029171,768662110.9176548,1336143140.9848464,596837845.1266698,-28639.36598549661,1969558247.65,390630.36963540537,509099201.12300086,122026484.52478549,0.25848395280029834,28350,0.0,109135561.54224174,1.3642420526593924e-10,0.0,100.0,25,DEP_133,133
-31.2864,122.838,12901.61622,21000,19000.0,59000.0,9000,2718808021.2964997,687216500.1856887,1419359320.7587636,612232200.3520473,-69689.57117877813,1969558247.65,400705.97513041494,507563296.6006142,121658342.07038929,0.2577041309675501,24625,0.0,93598121.99322456,3.183231456205249e-10,0.0,100.0,25,DEP_134,134
