UID,DEPOSIT_LATITUDE_WGS84,DEPOSIT_LONGITUDE_WGS84,Architecture/PV (kW),Architecture/Wind 1MW,Architecture/Gen (kW),Architecture/Battery 1MWh (#),Architecture/Converter (kW),Cost/NPC ($),Cost/LCOE ($/kWh),Cost/Operating cost ($/yr),Cost/CAPEX ($),System/Ren Frac (%),Total Load Served (kWh),Ren Frac (%),System/Total Fuel (L/yr),Project Economics/IRR (%),Project Economics/Simple Payback (yr),Gen/Hours,Gen/Production (kWh/yr),Gen/Fuel (L/yr),Annual Carbon Emission (tonne/yr),Total Carbon Emission (tonne),Specific Carbon Emission (kg/kWh),Specific Carbon Emission Reduction (%),Gen/O&M Cost ($/yr),Gen/Fuel Cost ($/yr),PV/CAPEX,PV/Energy Production (kWh/yr),Wind 1MW/Capital Cost ($),Wind 1MW/Production (kWh/yr),Wind 1MW/O&M Cost ($),Battery 1MWh/Auxiliary Load Percent (%),Battery 1MWh/Autonomy (hr),Battery 1MWh/Annual Throughput (kWh/yr),Battery 1MWh/Nominal Capacity (kWh),Battery 1MWh/Accessible Capacity (kWh),Converter/Rectifier Mean Output (kW),Converter/Inverter Mean Output (kW),Specific Carbon Emission_DG (kg/kWh)
AUS.NSW.333484.csv,-33.5265,149.1588,28436.81374,17,19000,77,14820.48434,386678600,0.3796699,16976100,167219800,65.83076,1969558248,65.83%,7421425,11.06719,7.906053,3836,26919320,7421425,19429.29065,485732.2663,0.247,65%,2186520,8905709,56873630,44645480,42500000,21374220,680000,0,6.849456,18484210,77000.02,61600.01,185.6103,3859.093,0.701
AUS.NSW.333485.csv,-31.1629,145.6538,18441.40503,21,19000,76,14927.33357,277629700,0.2725976,9365191,156561000,85.0209,1969558248,85.02%,3290016,17.96553,5.321016,1813,11800880,3290016,8613.261888,215331.5472,0.109,84%,1033410,3948019,36882810,32495990,52500000,71383890,840000,0,6.760502,17125260,76000.02,60800.01,812.6003,2694.313,
AUS.NSW.334161.csv,-31.5001,145.8422,17685.31381,22,19000,73,14877.29597,276253900,0.2712468,9345965,155433800,84.94371,1969558248,84.94%,3304924,18.12865,5.290296,1815,11861690,3304924,8652.291032,216307.2758,0.11,84%,1034550,3965909,35370630,31287170,55000000,75303320,880000,0,6.49364,16600530,73000.02,58400.01,847.3096,2599.701,
AUS.NSW.334374.csv,-31.5161,145.8551,17810.82078,22,19000,73,14986.93803,276331800,0.2713232,9330029,155717700,84.98997,1969558248,84.99%,3295209,18.0993,5.296868,1811,11825250,3295209,8626.857162,215671.4291,0.11,84%,1032270,3954251,35621640,31509040,55000000,75303320,880000,0,6.49364,16596360,73000.02,58400.01,842.7177,2603.705,
AUS.NSW.334832.csv,-31.5212,145.8578,17760.42004,22,19000,73,15080.50173,276260400,0.271253,9330126,155645000,84.98297,1969558248,84.98%,3296232,18.1091,5.294688,1810,11830760,3296232,8629.535376,215738.3844,0.11,84%,1031700,3955478,35520840,31426350,55000000,75303320,880000,0,6.49364,16598140,73000.02,58400.01,845.3383,2603.361,
AUS.NSW.334834.csv,-31.2586,146.8719,17537.24375,22,19000,67,13911.1875,284692200,0.2795321,10368920,150647800,82.30208,1969558248,82.30%,3884652,17.99957,5.275617,2133,13942840,3884652,10170.01894,254250.4734,0.129,82%,1215810,4661583,35074490,30714360,55000000,71148260,880000,0,5.959916,15990940,67000.02,53600.01,785.2639,2563.061,
AUS.NSW.335061.csv,-35.5901,149.4372,30478.13677,15,19000,74,14634.61946,394317400,0.3871703,17804710,164146700,63.13276,1969558248,63.13%,7995466,10.71511,8.082538,4096,29044870,7995466,20932.12999,523303.2497,0.266,62%,2334720,9594559,60956270,46289800,37500000,17493950,600000,0,6.582594,17736040,74000.02,59200.01,136.0215,3925.541,
AUS.NSW.335156.csv,-31.3956,146.7216,17467.02832,22,19000,68,13406.71606,284744200,0.2795832,10341370,151056100,82.44411,1969558248,82.44%,3856576,17.95415,5.283741,2127,13830940,3856576,10096.51597,252412.8992,0.128,82%,1212390,4627891,34934060,30636970,55000000,71148260,880000,0,6.04887,16120230,68000.02,54400.01,791.3234,2573.092,
AUS.NSW.335362.csv,-32.9135,148.0498,17088.81462,24,19000,68,14069.73212,298954900,0.2935363,11096980,155498500,80.60424,1969558248,80.60%,4251017,16.72669,5.534704,2315,15280430,4251017,11129.16251,278229.0627,0.141,80%,1319550,5101220,34177630,28261330,60000000,71431980,960000,0,6.04887,16016470,68000.02,54400.01,843.6094,2544.022,
AUS.NSW.335554.csv,-31.9665,141.465,14450.68255,21,19000,61,13015.4544,267473600,0.2626255,10053560,137506000,82.40566,1969558248,82.41%,3869854,20.12002,4.781705,2149,13861230,3869854,10131.27777,253281.9443,0.129,82%,1224930,4643825,28901370,24981610,52500000,76811340,840000,0,5.426192,14422950,61000.01,48800.01,853.5812,2237.821,
AUS.NSW.335658.csv,-32.0637,146.3085,15394.4456,23,19000,62,13718.88374,278868200,0.2738137,10331740,145304600,82.06509,1969558248,82.07%,3938742,18.6998,5.118049,2169,14129540,3938742,10311.62656,257790.6639,0.131,81%,1236330,4726490,30788890,26149450,57500000,78495180,920000,0,5.515146,14889670,62000.01,49600.01,875.5098,2309.745,
AUS.NSW.335835.csv,-33.4574,148.9957,21828.31549,23,19000,74,14192.9668,335115600,0.3290415,13026560,166714500,76.37856,1969558248,76.38%,5167315,14.06828,6.486871,2784,18609530,5167315,13528.03067,338200.7668,0.172,75%,1586880,6200778,43656630,34997380,57500000,51832650,920000,0,6.582594,17620430,74000.02,59200.01,613.96,3034.95,
AUS.NSW.335841.csv,-35.0613,149.5717,26169.2496,20,19000,77,15101.25364,374991300,0.3681945,15836180,170268900,68.88589,1969558248,68.89%,6770122,11.64259,7.232629,3537,24512420,6770122,17724.1794,443104.4849,0.225,68%,2016090,8124146,52338500,39486020,50000000,30879920,800000,0,6.849456,18010230,77000.02,61600.01,331.0972,3509.925,
AUS.NSW.335959.csv,-29.5,152.4897,31982.07477,1,19000,58,15682.71728,4.01E+08,0.393569,2.16E+07,1.21E+08,48.94622,1969558248,48.95%,1.09E+07,11.92683,7.027399,5229,40221360,10948620,28663.48716,716587.179,0.364,48%,2980530,1.31E+07,6.40E+07,5.00E+07,2500000,763251.8,40000,0,5.15933,1.40E+07,58000.01,46400.01,5.025209,4320.098,
AUS.NSW.455899.csv,-34.1848,147.3854,16054.55248,23,19000,64,13530.61018,296779400,0.2914001,11511190,147968300,79.16051,1969558248,79.16%,4566795,17.4752,5.361415,2485,16417830,4566795,11955.86931,298896.7328,0.152,78%,1416450,5480154,32109100,25559230,57500000,70662880,920000,0,5.693054,15202070,64000.01,51200.01,860.3763,2394.746,
AUS.NSW.467218.csv,-32.2205,147.448,15706.28512,23,19000,63,13695.13415,287759500,0.2825438,10917670,146621100,80.66424,1969558248,80.66%,4242928,18.08413,5.23532,2326,15233160,4242928,11107.9855,277699.6376,0.141,80%,1325820,5091513,31412570,26380800,57500000,73879310,920000,0,5.6041,15109350,63000.01,50400.01,847.1612,2379.737,
AUS.NSW.467228.csv,-29.3469,151.5477,25678.69151,20,19000,86,15023.7138,339447200,0.3332947,12677050,175564500,78.16898,1969558248,78.17%,4774819,13.46137,6.658274,2570,17198990,4774819,12500.47614,312511.9036,0.159,77%,1464900,5729783,51357380,43721200,50000000,40285100,800000,0,7.650042,20623430,86000.02,68800.02,431.1356,3690.225,
AUS.NSW.529220.csv,-31.5303,146.6862,19475.91285,22,19000,76,14273.17497,282485800,0.2773657,9402582,160933800,85.14819,1969558248,85.15%,3262451,17.38158,5.455084,1799,11700600,3262451,8541.096718,213527.418,0.108,85%,1025430,3914941,38951820,34210880,55000000,72201300,880000,0,6.760502,17332160,76000.02,60800.01,796.054,2748.057,
AUS.NT.333325.csv,-17.1813,137.7848,20225.04191,21,19000,68,13650.36307,301167400,0.2957087,11372810,154145200,79.53648,1969558248,79.54%,4465685,16.73414,5.527196,2373,16121640,4465685,11691.16333,292279.0833,0.148,79%,1352610,5358822,40450080,37010840,52500000,59907820,840000,0,6.04887,16231470,68000.02,54400.01,570.2357,2773.433,
AUS.NT.333391.csv,-19.6271,134.15,16409.19624,20,19000,74,14240.35412,263501400,0.2587253,8904329,148390500,85.81592,1969558248,85.82%,3119363,19.42311,5.022861,1731,11174550,3119363,8166.492334,204162.3084,0.104,85%,986670,3743236,32818390,30916400,50000000,73966860,800000,0,6.582594,16515600,74000.02,59200.01,828.9165,2574.292,
AUS.NT.333587.csv,-16.436,136.0985,18990.5904,21,19000,71,13640.92333,299574600,0.2941447,11278360,153773500,79.83071,1969558248,79.83%,4402067,16.82245,5.501818,2341,15889830,4402067,11524.61141,288115.2852,0.146,79%,1334370,5282480,37981180,34737100,52500000,60577780,840000,0,6.315732,16538670,71000.02,56800.01,626.1031,2758.606,
AUS.NT.333631.csv,-17.1727,137.752,19728.9844,21,19000,67,14233.47341,301093000,0.2956356,11484420,152628000,79.13065,1969558248,79.13%,4551167,16.86054,5.497742,2409,16441370,4551167,11914.95521,297873.8802,0.151,78%,1373130,5461400,39457970,36103400,52500000,59907820,840000,0,5.959916,16022840,67000.02,53600.01,577.6654,2740.46,
AUS.NT.333784.csv,-19.4448,133.8237,15922.68528,20,19000,71,14561.40398,266248100,0.2614223,9347064,145413800,84.55423,1969558248,84.55%,3394612,19.51896,4.986284,1877,12168540,3394612,8887.094216,222177.3554,0.113,84%,1069890,4073534,31845370,29381300,50000000,73293760,800000,0,6.315732,16052480,71000.02,56800.01,826.2253,2500.332,
AUS.NT.334073.csv,-19.6751,134.2835,15912.82808,21,19000,67,14388.17286,263521500,0.2587451,9164899,145042100,84.91643,1969558248,84.92%,3315571,19.66237,4.945356,1835,11883190,3315571,8680.164878,217004.122,0.11,84%,1045950,3978686,31825660,29992490,52500000,77665190,840000,0,5.959916,15469590,67000.02,53600.01,818.92,2425.543,
AUS.NT.334173.csv,-19.7033,134.2407,16132.41172,20,19000,74,14182.6239,263478600,0.2587029,8946727,147819600,85.68703,1969558248,85.69%,3147784,19.47881,5.011815,1747,11276090,3147784,8240.898512,206022.4628,0.105,85%,995790,3777341,32264820,30413730,50000000,73966860,800000,0,6.582594,16479170,74000.02,59200.01,836.5373,2562.984,
AUS.NT.334279.csv,-19.4354,134.0661,16695.84232,21,19000,73,14259.14764,267689000,0.2628371,9044241,150769400,85.54365,1969558248,85.54%,3178063,18.9822,5.112629,1760,11389050,3178063,8320.168934,208004.2234,0.106,85%,1003200,3813676,33391680,31413670,52500000,75648210,840000,0,6.49364,16429670,73000.02,58400.01,825.0827,2570.832,
AUS.NT.334637.csv,-19.7115,134.2901,16176.13658,20,19000,74,14510.69339,263466000,0.2586907,8931381,148005500,85.71973,1969558248,85.72%,3140033,19.45985,5.015547,1741,11250330,3140033,8220.606394,205515.1599,0.104,85%,992370,3768039,32352270,30496030,50000000,73966860,800000,0,6.582594,16475730,74000.02,59200.01,835.0043,2565.918,
AUS.NT.334762.csv,-22.6513,136.268,14918.58508,22,19000,64,14977.67503,261285900,0.25655,9101162,143630500,84.92432,1969558248,84.92%,3313268,19.92064,4.88454,1832,11876970,3313268,8674.135624,216853.3906,0.11,84%,1044240,3975921,29837170,27932400,55000000,82051770,880000,0,5.693054,14856670,64000.01,51200.01,845.7704,2310.708,
AUS.NT.334824.csv,-13.4996,131.713,22291.94354,19,19000,69,14018.39463,325241000,0.3193459,13239320,154089400,74.79189,1969558248,74.79%,5494058,15.36149,6.118522,2898,19859530,5494058,14383.44384,359586.0961,0.183,74%,1651860,6592870,44583890,39594090,47500000,44973550,760000,0,6.137824,16542730,69000.02,55200.01,415.3754,3084.814,
AUS.NT.334931.csv,-19.4387,134.0281,18040.53608,20,19000,70,14711.94847,267808600,0.2629545,9190781,148994700,85.07917,1969558248,85.08%,3278348,19.06116,5.073282,1810,11754980,3278348,8582.715064,214567.8766,0.109,84%,1031700,3934018,36081070,33944490,50000000,72045910,800000,0,6.226778,16244070,70000.02,56000.01,736.1603,2605.518,
AUS.NT.335010.csv,-19.486,133.9023,15871.28668,20,19000,68,14659.96313,266229100,0.2614036,9513702,143240600,84.05718,1969558248,84.06%,3504853,19.77398,4.922623,1941,12560120,3504853,9175.705154,229392.6289,0.116,83%,1106370,4205824,31742570,29297240,50000000,73293760,800000,0,6.04887,15666430,68000.02,54400.01,808.5731,2460.272,
AUS.NT.335011.csv,-12.9681,131.1124,25345.40787,18,19000,84,14728.77662,343751200,0.3375206,13563450,168409500,75.25707,1969558248,75.26%,5390300,13.56295,6.594115,2836,19493060,5390300,14111.8054,352795.135,0.179,74%,1616520,6468360,50690820,44354650,45000000,35428010,720000,0,7.472134,20047250,84000.02,67200.02,352.4363,3695.401,
AUS.NT.335952.csv,-19.5535,134.0588,16063.66378,21,19000,67,13969.86683,263508300,0.2587321,9150251,145218300,84.96475,1969558248,84.96%,3305471,19.64522,4.950125,1831,11845120,3305471,8653.723078,216343.077,0.11,84%,1043670,3966566,32127330,30250220,52500000,77665190,840000,0,5.959916,15482050,67000.02,53600.01,817.2232,2430.304,
AUS.NT.336105.csv,-12.9939,130.9975,25319.51565,17,19000,92,14705.46784,339185500,0.3330376,12975020,171450700,77.39157,1969558248,77.39%,4928264,13.69666,6.553723,2602,17811450,4928264,12902.19515,322554.8788,0.164,77%,1483140,5913917,50639030,46849660,42500000,33048890,680000,0,8.183765,21956650,92000.02,73600.02,325.5076,4019.114,
AUS.NT.336129.csv,-19.6671,134.22,16556.37177,20,19000,74,13763.90219,263563500,0.2587863,8897420,148541900,85.84831,1969558248,85.85%,3114177,19.40304,5.026945,1734,11149030,3114177,8152.915386,203822.8847,0.103,85%,988380,3737013,33112740,31205580,50000000,73966860,800000,0,6.582594,16494730,74000.02,59200.01,821.5175,2575.823,
AUS.NT.336208.csv,-22.6868,136.2415,15053.47377,21,19000,65,13692.7809,261293400,0.2565574,9249932,141714800,84.57909,1969558248,84.58%,3392777,20.06526,4.823341,1887,12148950,3392777,8882.290186,222057.2547,0.113,84%,1075590,4071332,30106950,28193140,52500000,78322140,840000,0,5.782008,15045890,65000.01,52000.01,828.4189,2350.343,
AUS.NT.463918.csv,-19.7162,134.2817,16176.13658,20,19000,74,14510.69339,263466000,0.2586906,8931373,148005500,85.71979,1969558248,85.72%,3140022,19.45985,5.015546,1741,11250280,3140022,8220.577596,205514.4399,0.104,85%,992370,3768026,32352270,30496260,50000000,73966860,800000,0,6.582594,16475760,74000.02,59200.01,835.0589,2565.923,
AUS.NT.597284.csv,-21.5127,134.1564,14744.51506,20,19000,72,14145.11534,257803100,0.2531304,8831594,143632600,85.76625,1969558248,85.77%,3131385,20.20134,4.82893,1741,11213680,3131385,8197.96593,204949.1483,0.104,85%,992370,3757662,29489030,27816090,50000000,76390470,800000,0,6.404686,15991810,72000.02,57600.01,880.3914,2443.093,
AUS.QLD.333400.csv,-20.7434,139.4783,16850.07024,21,19000,71,14107.84126,269890600,0.2649988,9302492,149632500,84.90242,1969558248,84.90%,3319846,18.99875,5.10883,1841,11894220,3319846,8691.356828,217283.9207,0.11,84%,1049370,3983815,33700140,30940070,52500000,74858380,840000,0,6.315732,16274420,71000.02,56800.01,827.8807,2548.721,
AUS.QLD.333486.csv,-23.6356,150.375,18951.2456,23,19000,77,13590.1053,290356600,0.2850938,9860909,162879500,84.20945,1969558248,84.21%,3470414,16.79558,5.575383,1919,12440160,3470414,9085.543852,227138.5963,0.115,84%,1093830,4164497,37902490,32056230,57500000,71595860,920000,0,6.849456,17512730,77000.02,61600.01,826.2269,2770.087,
AUS.QLD.333596.csv,-21.54,140.5017,16184.22219,21,19000,74,14762.45676,267796100,0.2629423,9065853,150597200,85.56458,1969558248,85.56%,3173893,18.99889,5.107336,1759,11372560,3173893,8309.251874,207731.2969,0.105,85%,1002630,3808671,32368440,29794450,52500000,75520830,840000,0,6.582594,16642280,74000.02,59200.01,872.7794,2566.206,
AUS.QLD.333688.csv,-20.5711,139.472,16800.98875,21,19000,71,14283.79241,269957400,0.2650644,9311170,149587100,84.87963,1969558248,84.88%,3324362,19.00093,5.108307,1842,11912180,3324362,8703.179716,217579.4929,0.11,84%,1049940,3989235,33601980,30812210,52500000,74858380,840000,0,6.315732,16284420,71000.02,56800.01,830.077,2546.82,
AUS.QLD.333779.csv,-19.6961,139.366,17555.16313,22,19000,71,14462.45049,280718400,0.2756303,9829372,153649100,83.76295,1969558248,83.76%,3564011,17.90938,5.295679,1957,12791920,3564011,9330.580798,233264.52,0.118,83%,1115490,4276814,35110330,32605190,55000000,72682500,880000,0,6.315732,16486370,71000.02,56800.01,779.6503,2644.317,
AUS.QLD.333785.csv,-22.0939,140.5736,15673.6825,22,19000,72,14974.70737,269613000,0.2647262,9195362,150739800,85.1875,1969558248,85.19%,3255979,18.87646,5.132947,1802,11669630,3255979,8524.153022,213103.8256,0.108,85%,1027140,3907175,31347370,27777890,55000000,78960570,880000,0,6.404686,16262100,72000.02,57600.01,931.6986,2469.305,
AUS.QLD.333873.csv,-20.7216,139.4782,16973.70851,21,19000,70,14391.28011,269933000,0.2650403,9334210,149264800,84.80924,1969558248,84.81%,3340792,18.92079,5.101366,1854,11967630,3340792,8746.193456,218654.8364,0.111,84%,1056780,4008950,33947420,31162930,52500000,74858380,840000,0,6.226778,16162640,70000.02,56000.01,816.1582,2538.938,
AUS.QLD.334081.csv,-18.5074,144.0999,18083.87628,21,19000,78,14504.12039,280147800,0.2750701,9516818,157119000,84.84766,1969558248,84.85%,3329747,17.81207,5.350819,1840,11937360,3329747,8717.277646,217931.9412,0.111,84%,1048800,3995697,36167750,32716960,52500000,69473420,840000,0,6.93841,17613330,78000.02,62400.01,795.0753,2790.149,
AUS.QLD.334094.csv,-20.8766,139.9862,16280.1471,21,19000,71,13678.78052,272672000,0.2677297,9615770,148363900,84.11278,1969558248,84.11%,3492845,18.91388,5.10995,1935,12516320,3492845,9144.26821,228606.7053,0.116,83%,1102950,4191414,32560290,29920620,52500000,73440980,840000,0,6.315732,16247760,71000.02,56800.01,827.65,2545.04,
AUS.QLD.334276.csv,-17.1187,144.4047,20351.67849,21,19000,79,14779.12787,295360000,0.2900065,10282170,162437100,83.39518,1969558248,83.40%,3645482,16.5116,5.598293,2004,13081660,3645482,9543.871876,238596.7969,0.121,83%,1142280,4374578,40703360,37163060,52500000,61598190,840000,0,7.027364,18490240,79000.02,63200.01,670.3645,3059.262,
AUS.QLD.334400.csv,-20.7759,140.0445,17009.51653,22,19000,71,14626.56685,273993900,0.2690277,9389805,152607000,84.77523,1969558248,84.78%,3343493,18.5125,5.20999,1841,11994430,3343493,8753.264674,218831.6169,0.111,84%,1049370,4012192,34019030,31933510,55000000,75703320,880000,0,6.315732,16356240,71000.02,56800.01,816.9374,2590.348,
AUS.QLD.334462.csv,-20.7216,139.4782,16973.70851,21,19000,70,14391.28011,269933000,0.2650403,9334210,149264800,84.80924,1969558248,84.81%,3340792,18.92079,5.101366,1854,11967630,3340792,8746.193456,218654.8364,0.111,84%,1056780,4008950,33947420,31162930,52500000,74858380,840000,0,6.226778,16162640,70000.02,56000.01,816.1582,2538.938,
AUS.QLD.334660.csv,-21.0446,139.9062,16411.0798,22,19000,70,13761.0946,268403500,0.2635386,9124180,150450500,85.31714,1969558248,85.32%,3229091,18.97461,5.116371,1792,11567500,3229091,8453.760238,211344.006,0.107,85%,1021440,3874910,32822160,29792350,55000000,79103220,880000,0,6.226778,16001850,70000.02,56000.01,865.7733,2475.002,
AUS.QLD.334842.csv,-20.1656,139.4582,17976.68843,20,19000,76,14710.09326,275704700,0.2707075,9486611,153066400,84.69318,1969558248,84.69%,3362647,18.39606,5.225624,1855,12059060,3362647,8803.409846,220085.2462,0.112,84%,1057350,4035176,35953380,32865850,50000000,68664160,800000,0,6.760502,17262150,76000.02,60800.01,777.9374,2736.062,
AUS.QLD.334950.csv,-18.609,143.993,17410.26778,21,19000,78,14641.89066,275634800,0.2706389,9268733,155813100,85.30993,1969558248,85.31%,3226808,18.11633,5.284647,1779,11573180,3226808,8447.783344,211194.5836,0.107,85%,1014030,3872170,34820540,32235020,52500000,71414870,840000,0,6.93841,17388390,78000.02,62400.01,816.0815,2745.544,
AUS.QLD.334977.csv,-20.7187,140.6487,19021.42801,20,19000,78,14497.20676,275655600,0.2706592,9217822,156492000,85.53591,1969558248,85.54%,3178944,18.10196,5.290251,1758,11395150,3178944,8322.475392,208061.8848,0.106,85%,1002060,3814733,38042860,35682990,50000000,68072580,800000,0,6.93841,17671280,78000.02,62400.01,728.0532,2837.329,
AUS.QLD.334994.csv,-20.4447,140.7058,18000.30072,20,19000,64,13695.79702,282844400,0.2777177,10708560,144409300,80.68816,1969558248,80.69%,4215348,18.57102,5.138206,2243,15214320,4215348,11035.78106,275894.5266,0.14,80%,1278510,5058418,36000600,33690890,50000000,65342390,800000,0,5.693054,15254870,64000.01,51200.01,638.3624,2520.851,
AUS.QLD.335006.csv,-20.2545,140.1558,18211.75313,21,19000,73,14684.03125,280448200,0.275365,9786834,153928700,83.93209,1969558248,83.93%,3526994,17.90653,5.293013,1937,12658670,3526994,9233.670292,230841.7573,0.117,83%,1104090,4232393,36423510,34048360,52500000,69220320,840000,0,6.49364,16894960,73000.02,58400.01,733.9144,2737.423,
AUS.QLD.335227.csv,-20.5636,139.9752,16969.68752,21,19000,70,13772.70701,272678900,0.2677365,9561596,149071200,84.26072,1969558248,84.26%,3460325,18.73521,5.123348,1917,12399770,3460325,9059.13085,226478.2713,0.115,84%,1092690,4152390,33939380,31112050,52500000,73440980,840000,0,6.226778,16199040,70000.02,56000.01,801.5499,2557.453,
AUS.QLD.335458.csv,-21.6784,140.4744,16649.61687,21,19000,72,14364.85768,268275400,0.2634128,9148449,150008700,85.33891,1969558248,85.34%,3224767,19.03944,5.099433,1791,11550360,3224767,8442.440006,211061.0002,0.107,85%,1020870,3869720,33299230,30684470,52500000,75233040,840000,0,6.404686,16446410,72000.02,57600.01,841.7617,2559.238,
AUS.QLD.335574.csv,-20.625,140.6885,18893.88557,20,19000,76,14432.37826,275753300,0.2707552,9354914,154817500,85.11181,1969558248,85.11%,3272001,18.24574,5.258709,1809,11729260,3272001,8566.098618,214152.4655,0.109,84%,1031130,3926402,37787770,35414190,50000000,68072580,800000,0,6.760502,17402910,76000.02,60800.01,723.2579,2802.989,
AUS.QLD.335769.csv,-20.7406,139.9112,16955.49774,21,19000,75,14673.90481,272715000,0.267772,9274934,152813200,85.14493,1969558248,85.14%,3265566,18.53797,5.198436,1808,11703170,3265566,8549.251788,213731.2947,0.109,84%,1030560,3918679,33911000,31130750,52500000,73440980,840000,0,6.671548,16873220,75000.02,60000.01,839.5695,2633.822,
AUS.QLD.335859.csv,-21.545,140.497,16184.22219,21,19000,74,14762.45676,267832700,0.2629781,9068677,150597200,85.55855,1969558248,85.56%,3175294,18.99713,5.107682,1760,11377320,3175294,8312.919692,207822.9923,0.106,85%,1003200,3810353,32368440,29794430,52500000,75520830,840000,0,6.582594,16642290,74000.02,59200.01,873.1042,2566.136,
AUS.QLD.335937.csv,-19.474,139.3889,18019.06674,21,19000,64,13827.76063,287757600,0.2825419,10889260,146986500,80.28309,1969558248,80.28%,4301803,18.04766,5.246748,2283,15533450,4301803,11262.12025,281553.0064,0.143,80%,1301310,5162163,36038130,33411810,52500000,66572660,840000,0,5.693054,15196800,64000.01,51200.01,657.8749,2515.043,
AUS.QLD.335949.csv,-21.2785,140.5052,16913.67058,21,19000,71,14048.57113,270379100,0.2654784,9331814,149741900,84.85747,1969558248,84.86%,3329597,18.97014,5.114499,1846,11929640,3329597,8716.884946,217922.1237,0.111,84%,1052220,3995517,33827340,31070500,52500000,74350840,840000,0,6.315732,16331090,71000.02,56800.01,816.621,2564.989,
AUS.QLD.336037.csv,-20.9549,140.9799,18909.4428,20,19000,76,14451.51111,275445200,0.2704527,9328234,154854300,85.1636,1969558248,85.16%,3259864,18.25558,5.256717,1800,11688460,3259864,8534.323952,213358.0988,0.108,85%,1026000,3911836,37818880,35538920,50000000,68072580,800000,0,6.760502,17398340,76000.02,60800.01,721.0029,2807.331,
AUS.QLD.336263.csv,-19.1596,139.4342,18131.02178,21,19000,64,14176.1118,287849000,0.2826317,10870930,147314900,80.31649,1969558248,80.32%,4293085,18.01143,5.254725,2274,15507130,4293085,11239.29653,280982.4133,0.143,80%,1296180,5151701,36262040,33538960,52500000,66572660,840000,0,5.693054,15199430,64000.01,51200.01,655.6524,2517.261,
AUS.QLD.443072.csv,-24.017,148.917,23173.48546,20,19000,83,14678.3943,321236100,0.3154136,11826370,168350500,79.97518,1969558248,79.98%,4385800,14.80796,5.989656,2379,15776020,4385800,11482.0244,287050.61,0.146,79%,1356030,5262960,46346970,41006180,50000000,46680000,800000,0,7.38318,19842660,83000.02,66400.02,511.0889,3468.118,
AUS.QLD.455378.csv,-20.3054,140.1508,18886.2625,21,19000,75,14684.03125,280324700,0.2752437,9564634,156677700,84.60863,1969558248,84.61%,3378365,17.86091,5.344707,1855,12125680,3378365,8844.55957,221113.9893,0.112,84%,1057350,4054039,37772520,35323490,52500000,69220320,840000,0,6.671548,17265290,75000.02,60000.01,725.6597,2793.541,
AUS.QLD.558218.csv,-22.0815,140.5842,15849.22853,22,19000,71,15162.76068,269508400,0.2646235,9209903,150447300,85.12831,1969558248,85.13%,3268935,18.91792,5.125853,1809,11716270,3268935,8558.07183,213951.7958,0.109,84%,1031130,3922721,31698460,28084810,55000000,78960570,880000,0,6.315732,16147890,71000.02,56800.01,918.5019,2462.76,
AUS.SA.333599.csv,-35.0919,139.0054,12336.03896,24,19000,53,13036.65778,271551400,0.2666295,10548690,135183100,80.94073,1969558248,80.94%,4183723,20.18498,4.780556,2298,15015340,4183723,10952.98681,273824.6704,0.139,80%,1309860,5020468,24672080,18073320,60000000,88974020,960000,0,4.714561,13077650,53000.01,42400.01,999.9095,1885.872,
AUS.SA.333675.csv,-29.72,135.5749,13894.78337,22,19000,61,14154.38706,266182800,0.2613582,9819902,139235900,82.99131,1969558248,82.99%,3736173,20.07745,4.820225,2060,13399840,3736173,9781.300914,244532.5229,0.124,82%,1174200,4483408,27789570,24317510,55000000,81311620,880000,0,5.426192,14403390,61000.01,48800.01,919.7963,2194.985,
AUS.SA.335512.csv,-31.1051,137.1544,14759.28328,22,19000,59,13814.36131,274333900,0.2693615,10432860,139462900,81.43768,1969558248,81.44%,4074613,19.54517,4.936742,2238,14623830,4074613,10667.33683,266683.4209,0.135,81%,1275660,4889535,29518570,25010900,55000000,77746030,880000,0,5.248284,14212880,59000.01,47200.01,864.4581,2212.321,
AUS.SA.335647.csv,-30.4374,136.8893,14164.69687,23,19000,62,14426.41667,271101600,0.2661878,9904786,143057300,82.88947,1969558248,82.89%,3755386,19.38412,5.002255,2061,13480080,3755386,9831.600548,245790.0137,0.125,82%,1174770,4506463,28329390,24701510,57500000,82300680,920000,0,5.515146,14540360,62000.01,49600.01,919.5536,2228.015,
AUS.SA.336892.csv,-33.9763,137.689,11264.24256,23,19000,58,12984.03314,258592700,0.2539057,9635961,134023700,83.209,1969558248,83.21%,3693753,21.07859,4.579152,2053,13228350,3693753,9670.245354,241756.1339,0.123,82%,1170210,4432503,22528490,17708850,57500000,91074210,920000,0,5.15933,13551810,58000.01,46400.01,1054.261,1908.752,
AUS.SA.337525.csv,-34.0407,137.6207,11396.11,22,19000,56,13914.74786,249078600,0.244564,9159685,130666600,84.12536,1969558248,84.13%,3489392,22.07305,4.362772,1931,12506410,3489392,9135.228256,228380.7064,0.116,83%,1100670,4187271,22792220,18474720,55000000,91491180,880000,0,4.981422,13219520,56000.01,44800.01,1014.109,1877.909,
AUS.SA.529299.csv,-34.5375,137.8722,9743.093869,22,19000,54,13916.71732,241720800,0.2373396,8954513,125961200,84.47117,1969558248,84.47%,3413397,23.17113,4.135056,1889,12233970,3413397,8936.273346,223406.8337,0.113,84%,1076730,4096077,19486190,15889730,55000000,95285250,880000,0,4.803514,12888470,54000.01,43200.01,1061.603,1766.714,
AUS.TAS.333591.csv,-41.603,145.6999,19743.02812,25,19000,61,13506.75168,354268600,0.3478474,15163820,158238100,69.93416,1969558248,69.93%,6564091,13.32442,6.64972,3497,23686570,6564091,17184.79024,429619.756,0.218,69%,1993290,7876910,39486060,23586890,62500000,56032570,1000000,0,5.426192,14573410,61000.01,48800.01,796.1093,2399.327,
AUS.TAS.333707.csv,-41.477,145.385,15529.3955,26,19000,61,13160.14472,333686800,0.3276386,14038270,152206800,72.71917,1969558248,72.72%,5961891,14.85682,6.23566,3194,21492480,5961891,15608.23064,390205.766,0.198,72%,1820580,7154269,31058790,18514280,65000000,67560900,1040000,0,5.426192,14400780,61000.01,48800.01,994.9109,2177.37,
AUS.TAS.333876.csv,-41.7723,145.5431,19375.72912,27,19000,66,13922.43645,354065100,0.3476475,14537740,166128200,71.93147,1969558248,71.93%,6125330,12.95063,6.800373,3255,22113040,6125330,16036.11394,400902.8485,0.204,71%,1855350,7350396,38751460,23202850,67500000,60515180,1080000,0,5.870962,15416050,66000.02,52800.01,895.445,2460.224,
AUS.TAS.333976.csv,-41.8501,145.5144,19880.06267,24,19000,62,14321.40439,354083600,0.3476657,15248640,156956500,69.61864,1969558248,69.62%,6630832,13.39706,6.620111,3526,23935140,6630832,17359.51818,433987.9544,0.22,69%,2009820,7956998,39760120,23836800,60000000,53791270,960000,0,5.515146,14652020,62000.01,49600.01,777.9752,2431.422,
AUS.TAS.334055.csv,-41.5746,145.7221,19892.78569,25,19000,61,13761.75543,354277900,0.3478565,15135450,158614100,70.0087,1969558248,70.01%,6546891,13.30381,6.65695,3485,23627850,6546891,17139.76064,428494.016,0.218,69%,1986450,7856269,39785570,23751990,62500000,56032570,1000000,0,5.426192,14596290,61000.01,48800.01,795.1006,2405.438,
AUS.TAS.334077.csv,-41.2245,148.0131,14144.75979,24,19000,60,13796.12889,292769200,0.2874626,11513490,143928400,78.95163,1969558248,78.95%,4615383,17.93364,5.34801,2520,16582400,4615383,12083.07269,302076.8174,0.153,78%,1436400,5538460,28289520,18931100,60000000,79444640,960000,0,5.337238,14373300,60000.01,48000.01,1036.17,2092.393,
AUS.TAS.334630.csv,-41.2021,146.8156,13152.93281,26,19000,60,13524.76563,308401700,0.3028119,12495700,146863300,76.58437,1969558248,76.58%,5127659,16.7772,5.703986,2779,18447380,5127659,13424.21126,335605.2816,0.17,76%,1584030,6153190,26305870,16082820,65000000,79502150,1040000,0,5.337238,14274850,60000.01,48000.01,1106.943,2032.541,
AUS.TAS.335457.csv,-41.4269,145.5264,18874.67604,25,19000,61,13648.92658,355280400,0.3488408,15373130,156544000,69.2766,1969558248,69.28%,6704453,13.33975,6.6359,3562,24204610,6704453,17552.25795,438806.4489,0.223,68%,2030340,8045343,37749350,22486340,62500000,55665590,1000000,0,5.426192,14423090,61000.01,48800.01,812.36,2358.712,
AUS.TAS.335962.csv,-42.061,145.5855,14801.67929,25,19000,63,13674.87469,311415000,0.3057705,12501180,149805800,76.69173,1969558248,76.69%,5102405,16.37234,5.836043,2760,18362800,5102405,13358.09629,333952.4073,0.17,76%,1573200,6122885,29603360,19049550,62500000,74274240,1000000,0,5.6041,14847180,63000.01,50400.01,1050.509,2194.661,
AUS.TAS.336113.csv,-41.7824,145.434,14949.87374,26,19000,62,13052.07367,315991500,0.3102641,12707480,151715400,76.18875,1969558248,76.19%,5212078,15.96441,5.984385,2818,18759060,5212078,13645.2202,341130.5051,0.173,75%,1606260,6254493,29899750,17903030,65000000,76082540,1040000,0,5.515146,14617850,62000.01,49600.01,1069.652,2140.062,
AUS.VIC.467811.csv,-37.6078,142.6124,16850.88331,25,19000,62,13904.65588,311150800,0.3055111,12212530,153273200,77.57143,1969558248,77.57%,4912942,16.18232,5.925917,2667,17669750,4912942,12862.08216,321552.0539,0.163,77%,1520190,5895531,33701770,22851020,62500000,73288430,1000000,0,5.515146,14938780,62000.01,49600.01,952.6288,2286.051,
AUS.WA.333298.csv,-20.9168,116.8861,19643.99566,20,19000,75,14966.18907,275005900,0.2700213,9222809,155777900,85.56556,1969558248,85.57%,3171202,18.1207,5.262753,1750,11371790,3171202,8302.206836,207555.1709,0.105,85%,997500,3805443,39287990,40191680,50000000,65382120,800000,0,6.671548,17606660,75000.02,60000.01,603.3856,2956.124,
AUS.WA.333387.csv,-21.117,116.8296,18286.10084,21,19000,70,14015.1746,279393100,0.2743289,9871678,151776800,83.68201,1969558248,83.68%,3582963,18.18603,5.236328,1971,12855700,3582963,9380.197134,234504.9284,0.119,83%,1123470,4299556,36572200,35319980,52500000,68019300,840000,0,6.226778,16631570,70000.02,56000.01,685.6177,2754.959,
AUS.WA.333525.csv,-20.7571,117.7045,19149.31518,20,19000,74,15029.39406,280082000,0.2750054,9744683,154107500,84.28352,1969558248,84.28%,3452186,17.96381,5.277521,1903,12381810,3452186,9037.822948,225945.5737,0.115,84%,1084710,4142623,38298630,38294150,50000000,63043100,800000,0,6.582594,17573310,74000.02,59200.01,618.8102,2966.6,
AUS.WA.333595.csv,-17.3472,128.0235,21619.41159,20,19000,81,15048.03097,309957200,0.3043392,11294050,163953200,80.95044,1969558248,80.95%,4174950,15.62813,5.784536,2273,15007690,4174950,10930.0191,273250.4775,0.139,80%,1295610,5009940,43238820,40193780,50000000,49994220,800000,0,7.205272,19002620,81000.02,64800.01,488.3346,3384.945,
AUS.WA.333611.csv,-20.8771,117.8091,20008.85048,20,19000,80,14750.62186,279963300,0.2748889,9284105,159942900,85.76843,1969558248,85.77%,3127635,17.52085,5.386446,1729,11211960,3127635,8188.14843,204703.7108,0.104,85%,985530,3753162,40017700,40049930,50000000,63043100,800000,0,7.116318,18554560,80000.02,64000.01,627.4622,3093.286,
AUS.WA.333803.csv,-27.599,120.5777,13954.3578,21,19000,65,13311.15226,257746200,0.2530744,9154435,139402100,84.66357,1969558248,84.66%,3375956,20.59752,4.718087,1883,12082400,3375956,8838.252808,220956.3202,0.112,84%,1073310,4051148,27908720,25349140,52500000,80621180,840000,0,5.782008,14743080,65000.01,52000.01,880.2896,2260.424,
AUS.WA.333890.csv,-28.7772,116.9626,12740.5664,22,19000,66,14321.44314,258120300,0.2534418,9100178,140477600,84.80447,1969558248,84.80%,3340845,20.50549,4.759284,1851,11971400,3340845,8746.33221,218658.3053,0.111,84%,1055070,4009013,25481130,22886690,55000000,84863300,880000,0,5.870962,14778850,66000.02,52800.01,970.0078,2185.758,
AUS.WA.334147.csv,-28.4868,122.2385,12847.27454,22,19000,63,14451.64709,255512200,0.250881,9041348,138630000,84.78902,1969558248,84.79%,3343436,20.86514,4.675515,1850,11983560,3343436,8753.115448,218827.8862,0.111,84%,1054500,4012124,25694550,22944570,55000000,85994160,880000,0,5.6041,14304300,63000.01,50400.01,940.8774,2145.984,
AUS.WA.334181.csv,-28.409,121.1478,13679.81463,21,19000,63,14586.43704,256476000,0.2518273,9177358,137835600,84.45083,1969558248,84.45%,3417458,20.85548,4.657595,1890,12250000,3417458,8946.905044,223672.6261,0.114,84%,1077300,4100949,27359630,24578980,52500000,81582700,840000,0,5.6041,14450530,63000.01,50400.01,887.5669,2206.189,
AUS.WA.334445.csv,-30.9106,121.7167,13508.08188,22,19000,63,13715.62777,258041000,0.2533639,9151806,139730800,84.61134,1969558248,84.61%,3385390,20.53621,4.737372,1882,12123550,3385390,8862.95102,221573.7755,0.112,84%,1072740,4062468,27016160,23848610,55000000,84902610,880000,0,5.6041,14385360,63000.01,50400.01,922.3444,2169.295,
AUS.WA.334537.csv,-31.1785,121.6775,13134.90687,22,19000,59,13174.46062,260290100,0.2555722,9612668,136022100,83.33663,1969558248,83.34%,3665286,20.76194,4.654736,2036,13127790,3665286,9595.718748,239892.9687,0.122,83%,1160520,4398343,26269810,22473080,55000000,84312020,880000,0,5.248284,13875220,59000.01,47200.01,921.0481,2088.575,
AUS.WA.334568.csv,-21.147,119.2055,16895.38811,22,19000,71,13794.08976,277389400,0.2723616,9689438,152129000,84.13611,1969558248,84.14%,3487950,18.21262,5.231155,1933,12497940,3487950,9131.4531,228286.3275,0.116,83%,1101810,4185540,33790780,30909820,55000000,73392050,880000,0,6.315732,16433340,71000.02,56800.01,798.4305,2630.854,
AUS.WA.334629.csv,-24.6431,118.5873,14948.22422,21,19000,67,13766.12198,256788000,0.2521336,8807698,142926300,85.72969,1969558248,85.73%,3140688,20.34836,4.800985,1750,11242480,3140688,8222.321184,205558.0296,0.104,85%,997500,3768826,29896450,29010150,52500000,79410210,840000,0,5.959916,15290600,67000.02,53600.01,811.007,2391.858,
AUS.WA.334649.csv,-30.3934,121.652,13510.58447,22,19000,59,13965.28854,257696600,0.2530258,9335581,137010800,83.97905,1969558248,83.98%,3522167,20.79199,4.653927,1951,12621680,3522167,9221.033206,230525.8302,0.117,83%,1112070,4226600,27021170,23719080,55000000,85266880,880000,0,5.248284,13838400,59000.01,47200.01,890.7948,2104.192,
AUS.WA.334705.csv,-20.8108,117.0665,18754.95263,21,19000,72,15073.68625,277375800,0.2723483,9510241,154432000,84.71981,1969558248,84.72%,3356025,18.11327,5.266524,1849,12038090,3356025,8786.07345,219651.8363,0.112,84%,1053930,4027230,37509900,37511580,52500000,67886720,840000,0,6.404686,17016940,72000.02,57600.01,654.1927,2846.782,
AUS.WA.334902.csv,-31.1389,121.6784,13145.66965,22,19000,57,13050.9026,260288000,0.2555702,9722007,134606600,82.97804,1969558248,82.98%,3743655,20.94446,4.613045,2078,13410290,3743655,9800.88879,245022.2198,0.124,82%,1184460,4492386,26291340,22483420,55000000,84312020,880000,0,5.070376,13593800,57000.01,45600.01,902.3925,2058.317,
AUS.WA.335026.csv,-31.1637,121.0857,13336.73786,23,19000,61,13871.38863,258319100,0.253637,9111125,140534900,84.66362,1969558248,84.66%,3372045,20.49928,4.770574,1869,12082350,3372045,8828.01381,220700.3453,0.112,84%,1065330,4046454,26673480,22816000,57500000,89279260,920000,0,5.426192,14040640,61000.01,48800.01,952.8848,2089.335,
AUS.WA.335066.csv,-23.432,117.9,19340.68048,20,19000,73,14302.12421,282295200,0.2771785,9957300,153572000,83.78832,1969558248,83.79%,3563198,17.91661,5.287616,1971,12771940,3563198,9328.452364,233211.3091,0.118,83%,1123470,4275838,38681360,37492220,50000000,62707240,800000,0,6.49364,17502780,73000.02,58400.01,630.1758,2938.938,
AUS.WA.335111.csv,-32.7509,116.3581,12034.62249,21,19000,58,13595.98331,254945900,0.2503249,9607247,130748000,83.15909,1969558248,83.16%,3703867,21.7362,4.425781,2056,13267660,3703867,9696.723806,242418.0952,0.123,82%,1171920,4444641,24069240,19116000,52500000,84741900,840000,0,5.15933,13688210,58000.01,46400.01,994.4432,1964.635,
AUS.WA.335166.csv,-20.8684,116.8655,18966.35413,20,19000,71,14848.77643,274956500,0.2699729,9543147,151587300,84.53455,1969558248,84.53%,3396320,18.51316,5.182098,1870,12184050,3396320,8891.56576,222289.144,0.113,84%,1065900,4075584,37932710,38790770,50000000,65382120,800000,0,6.315732,16953520,71000.02,56800.01,601.7932,2870.418,
AUS.WA.335341.csv,-21.2035,119.2383,17932.28856,21,19000,71,14730.33773,277286300,0.2722605,9692710,151983700,84.10881,1969558248,84.11%,3491075,18.25294,5.221944,1926,12519450,3491075,9139.63435,228490.8588,0.116,83%,1097820,4189290,35864580,32821910,52500000,70056050,840000,0,6.315732,16616600,71000.02,56800.01,746.2278,2704.012,
AUS.WA.335342.csv,-27.3105,120.5528,14064.44778,21,19000,65,13559.39976,258824900,0.2541336,9215087,139696700,84.51344,1969558248,84.51%,3406653,20.51102,4.73942,1893,12200670,3406653,8918.617554,222965.4389,0.113,84%,1079010,4087983,28128900,25480890,52500000,79993560,840000,0,5.782008,14791730,65000.01,52000.01,877.5096,2273.889,
AUS.WA.335365.csv,-17.295,128.1877,24746.09099,19,19000,91,15049.08404,309880000,0.3042634,10456230,174706900,83.8597,1969558248,83.86%,3543796,15.04218,5.964106,1949,12715700,3543796,9277.657928,231941.4482,0.118,83%,1110930,4252555,49492180,45992740,47500000,47494510,760000,0,8.094811,21165140,91000.02,72800.02,430.1469,3715.348,
AUS.WA.335472.csv,-20.9825,116.8648,18886.2625,20,19000,79,14941.64583,275002100,0.2700176,9123722,157055000,85.91733,1969558248,85.92%,3095494,18.10247,5.288548,1713,11094660,3095494,8104.003292,202600.0823,0.103,85%,976410,3714592,37772520,38654010,50000000,65382120,800000,0,7.027364,18020440,79000.02,63200.01,645.9547,2986.7,
AUS.WA.335559.csv,-27.4555,120.5775,14400.66979,21,19000,65,14145.71545,258847300,0.2541556,9151194,140545100,84.69231,1969558248,84.69%,3366154,20.49468,4.763385,1867,12059750,3366154,8812.591172,220314.7793,0.112,84%,1064190,4039385,28801340,26126960,52500000,79993560,840000,0,5.782008,14854670,65000.01,52000.01,864.4366,2288.295,
AUS.WA.335579.csv,-21.6549,121.5709,16481.9942,21,19000,68,13680.11849,265673300,0.2608579,9205580,146668000,84.98862,1969558248,84.99%,3301870,19.39927,5.010027,1834,11826310,3301870,8644.29566,216107.3915,0.11,84%,1045380,3962244,32963990,31145890,52500000,74962100,840000,0,6.04887,15806460,68000.02,54400.01,764.6805,2535.837,
AUS.WA.335631.csv,-22.1991,122.3141,17424.3308,21,19000,69,14049.88947,268288100,0.2634253,9199327,149363600,85.10049,1969558248,85.10%,3274384,19.00184,5.087356,1810,11738180,3274384,8572.337312,214308.4328,0.109,84%,1031700,3929260,34848660,32276060,52500000,73902990,840000,0,6.137824,16099340,69000.02,55200.01,752.0812,2589.814,
AUS.WA.335652.csv,-29.1785,116.9774,12429.34271,22,19000,56,13320.00652,259435700,0.2547334,9814804,132554700,82.64799,1969558248,82.65%,3814492,21.25205,4.541056,2112,13670320,3814492,9986.340056,249658.5014,0.127,82%,1203840,4577390,24858690,21481990,55000000,84866740,880000,0,4.981422,13403930,56000.01,44800.01,911.4817,2010.099,
AUS.WA.335722.csv,-31.2166,121.68,12909.20493,22,19000,59,13127.26589,260281900,0.2555642,9648046,135556600,83.23428,1969558248,83.23%,3687660,20.81306,4.640896,2048,13208430,3687660,9654.29388,241357.347,0.123,82%,1167360,4425192,25818410,22094990,55000000,84312020,880000,0,5.248284,13855540,59000.01,47200.01,926.6584,2079.409,
AUS.WA.335749.csv,-26.9204,120.379,14072.89108,21,19000,65,14023.79426,258250100,0.2535693,9158542,139852900,84.66267,1969558248,84.66%,3373060,20.60518,4.735543,1872,12083110,3373060,8830.67108,220766.777,0.112,84%,1067040,4047671,28145780,26125300,52500000,79716650,840000,0,5.782008,14836140,65000.01,52000.01,857.6386,2295.41,
AUS.WA.335838.csv,-28.7452,116.9436,12740.5664,22,19000,66,14321.44314,258122700,0.2534442,9100369,140477600,84.8022,1969558248,84.80%,3341267,20.5051,4.759386,1851,11973180,3341267,8747.437006,218685.9252,0.111,84%,1055070,4009520,25481130,22879940,55000000,84863300,880000,0,5.870962,14777230,66000.02,52800.01,970.1835,2185.553,
AUS.WA.335840.csv,-21.7224,122.2109,16741.64241,21,19000,68,13675.23422,268807000,0.2639348,9407930,147185900,84.53227,1969558248,84.53%,3401202,19.12444,5.048809,1886,12185840,3401202,8904.346836,222608.6709,0.113,84%,1075020,4081442,33483280,31247350,52500000,73425280,840000,0,6.04887,15885610,68000.02,54400.01,755.5806,2564.928,
AUS.WA.335844.csv,-17.7501,127.8329,21842.73462,20,19000,82,14641.71441,302964800,0.2974735,10673890,164978000,82.58949,1969558248,82.59%,3819793,15.97,5.723358,2092,13716410,3819793,10000.21807,250005.4519,0.127,82%,1192440,4583752,43685470,40793680,50000000,53399670,800000,0,7.294226,19163430,82000.02,65600.02,511.4197,3338.514,
AUS.WA.336035.csv,-26.9179,118.6444,15167.47127,21,19000,63,14297.60938,254047000,0.2494423,8766010,140724200,85.54009,1969558248,85.54%,3179839,20.73233,4.711984,1764,11391850,3179839,8324.818502,208120.4626,0.106,85%,1005480,3815806,30334940,27729770,52500000,82443190,840000,0,5.6041,14526460,63000.01,50400.01,829.8989,2250.739,
AUS.WA.336142.csv,-28.6691,116.3796,13068.73087,21,19000,58,13445.36545,257116600,0.2524563,9618673,132771100,83.16743,1969558248,83.17%,3700923,21.35238,4.514121,2051,13261090,3700923,9689.016414,242225.4104,0.123,82%,1169070,4441107,26137460,23456000,52500000,81476900,840000,0,5.15933,13747640,58000.01,46400.01,867.9089,2096.842,
AUS.WA.336197.csv,-28.9634,121.766,13664.79611,22,19000,63,14228.50141,256118200,0.251476,8966923,140198100,85.01996,1969558248,85.02%,3292979,20.65271,4.728484,1823,11801630,3292979,8621.019022,215525.4756,0.109,84%,1039110,3951575,27329590,24687690,55000000,85469860,880000,0,5.6041,14370990,63000.01,50400.01,903.2206,2186.335,
AUS.WA.336234.csv,-27.2296,120.5417,14182.64115,21,19000,65,14267.19956,258911100,0.2542183,9187046,140145400,84.58205,1969558248,84.58%,3389718,20.45736,4.752936,1878,12146620,3389718,8874.281724,221857.0431,0.113,84%,1070460,4067662,28365280,25673970,52500000,79993560,840000,0,5.782008,14831400,65000.01,52000.01,876.6271,2280.403,
AUS.WA.434546.csv,-26.0954,127.7274,14968.32801,21,19000,66,13781.3381,259305600,0.2546056,9053131,142271100,84.96898,1969558248,84.97%,3306358,20.26108,4.821762,1837,11841790,3306358,8656.045244,216401.1311,0.11,84%,1047090,3967630,29936660,27275590,52500000,78986240,840000,0,5.870962,14941520,66000.02,52800.01,825.0629,2353.434,
AUS.WA.513745.csv,-31.1931,121.6785,12909.31619,22,19000,57,13162.84492,260257700,0.2555405,9753633,134167500,82.88515,1969558248,82.89%,3763435,21.00061,4.599253,2087,13483480,3763435,9852.67283,246316.8208,0.125,82%,1189590,4516122,25818630,22091290,55000000,84312020,880000,0,5.070376,13588290,57000.01,45600.01,910.983,2051.76,
AUS.WA.515724.csv,-28.4839,121.17,13318.0254,23,19000,62,14007.70396,256466000,0.2518175,8913364,141238400,85.12721,1969558248,85.13%,3268860,20.4963,4.770306,1808,11717130,3268860,8557.87548,213946.887,0.109,84%,1030560,3922632,26636050,23949810,57500000,89352490,920000,0,5.515146,14105810,62000.01,49600.01,927.8695,2129.9,
AUS.WA.519582.csv,-25.5406,119.3281,15435.85268,20,19000,67,14007.46891,255745100,0.2511096,8839371,141474000,85.56708,1969558248,85.57%,3175381,20.56404,4.743158,1766,11370600,3175381,8313.147458,207828.6865,0.106,85%,1006620,3810457,30871710,29176800,50000000,76802510,800000,0,5.959916,15322410,67000.02,53600.01,798.2333,2401.574,
AUS.WA.557598.csv,-20.7886,122.1966,16074.89835,22,19000,70,14469.40513,272546400,0.2676065,9480229,149990600,84.45295,1969558248,84.45%,3416506,18.75312,5.145405,1888,12248330,3416506,8944.412708,223610.3177,0.114,84%,1076160,4099807,32149800,29855850,55000000,75404580,880000,0,6.226778,16064020,70000.02,56000.01,810.8499,2563.484,
AUS.WA.561110.csv,-31.8199,123.1924,13854.20378,21,19000,58,13076.31183,257719300,0.2530481,9552337,134231300,83.42176,1969558248,83.42%,3649181,21.14391,4.564817,2035,13060720,3649181,9553.555858,238838.8965,0.121,83%,1159950,4379018,27708410,23827910,52500000,81538940,840000,0,5.15933,13793560,58000.01,46400.01,862.9557,2115.355,
AUS.WA.568323.csv,-25.5443,119.348,15378.91206,20,19000,67,14651.17055,255754200,0.2511186,8833949,141553200,85.559,1969558248,85.56%,3175767,20.56368,4.74601,1762,11376960,3175767,8314.158006,207853.9502,0.106,85%,1004340,3810920,30757820,29070090,50000000,76802510,800000,0,5.959916,15307670,67000.02,53600.01,802.1265,2401.628,
AUS.WA.652958.csv,-24.237,115.9535,17098.13167,21,19000,69,14013.65733,272448400,0.2675101,9572448,148700400,84.22078,1969558248,84.22%,3468865,18.79583,5.112638,1921,12431240,3468865,9081.48857,227037.2143,0.115,84%,1094970,4162638,34196260,31606200,52500000,72680070,840000,0,6.137824,16117080,69000.02,55200.01,783.1871,2575.361,
AUS.WA.652960.csv,-27.5191,120.588,13892.27005,21,19000,64,13528.25245,257778800,0.2531065,9215677,138643000,84.46321,1969558248,84.46%,3419335,20.68997,4.696579,1905,12240240,3419335,8951.81903,223795.4758,0.114,84%,1085850,4103202,27784540,25219550,52500000,80621180,840000,0,5.693054,14597010,64000.01,51200.01,872.3993,2242.399,
AUS.WA.652961.csv,-31.1778,121.6783,13134.90687,22,19000,59,13174.46062,260290100,0.2555722,9612667,136022100,83.33663,1969558248,83.34%,3665286,20.76194,4.654736,2036,13127790,3665286,9595.718748,239892.9687,0.122,83%,1160520,4398343,26269810,22473100,55000000,84312020,880000,0,5.248284,13875220,59000.01,47200.01,921.0476,2088.575,
AUS.WA.652962.csv,-28.302,120.492,13544.93226,21,19000,64,14372.75418,258249900,0.2535691,9286256,138201700,84.24969,1969558248,84.25%,3462375,20.71935,4.68876,1917,12408460,3462375,9064.49775,226612.4438,0.115,84%,1092690,4154850,27089860,24290770,52500000,80714800,840000,0,5.693054,14621420,64000.01,51200.01,901.5658,2220.973,
AUS.WA.652969.csv,-31.2864,122.838,12901.61622,21,19000,59,13604.89633,258531400,0.2538455,9696117,133184700,83.02628,1969558248,83.03%,3732180,21.21778,4.543061,2069,13372290,3732180,9770.84724,244271.181,0.124,82%,1179330,4478616,25803230,21642460,52500000,81589300,840000,0,5.248284,13895680,59000.01,47200.01,927.0642,2082.375,
