Iteration,Objective Value,Parameters,Time (seconds)
1,0.289050397,"[10000, 10, 15000, 5000, 17000]",10.89834189
2,0.262903257,"[27500, 28, 22500, 7500, 23500]",22.29157186
3,0.287070598,"[36250, 19, 18750, 6250, 26750]",33.62413335
4,0.249568292,"[18750, 36, 26250, 8750, 20250]",45.4353292
5,0.260657294,"[23125, 23, 24375, 9375, 21875]",57.00873113
6,0.282651004,"[40625, 41, 16875, 6875, 28375]",68.92192459
7,0.295840972,"[31875, 14, 28125, 8125, 25125]",80.37203956
8,0.241241788,"[14375, 32, 20625, 5625, 18625]",92.2417202
9,0.27603006,"[16562, 21, 29062, 7188, 24312]",103.8789563
10,0.250139817,"[34062, 38, 21562, 9688, 17812]",115.6858232
11,0.291983485,"[42812, 12, 25312, 5938, 21062]",127.0928421
12,0.269619796,"[25312, 30, 17812, 8438, 27562]",138.7926483
13,0.294062362,"[20938, 17, 19688, 7812, 29188]",150.4965162
14,0.270794519,"[38438, 34, 27188, 5312, 22688]",162.2744336
15,0.248977517,"[29688, 25, 15938, 9062, 19438]",173.9632792
16,0.26874124,"[12188, 43, 23438, 6562, 25938]",185.9479077
17,0.25401431,"[13281, 26, 22031, 8281, 20656]",197.5890639
18,0.280849959,"[30781, 44, 29531, 5781, 27156]",209.6375439
19,0.281030978,"[39531, 18, 18281, 9531, 23906]",221.1925178
20,0.241346417,"[22031, 35, 25781, 7031, 17406]",233.0770407
21,0.271281475,"[26406, 13, 27656, 6406, 19031]",244.6508579
22,0.27964007,"[43906, 31, 20156, 8906, 25531]",256.4014125
23,0.293260636,"[35156, 22, 23906, 5156, 28781]",268.0350993
24,0.249165807,"[17656, 40, 16406, 7656, 22281]",280.1633675
25,0.302862664,"[15469, 15, 22969, 9219, 27969]",291.7811077
26,0.254030186,"[32969, 33, 15469, 6719, 21469]",303.7646255
27,0.262994953,"[41719, 24, 26719, 7969, 18219]",315.6242743
28,0.260886616,"[24219, 42, 19219, 5469, 24719]",327.7736979
29,0.275517253,"[19844, 20, 17344, 6094, 26344]",339.5803359
30,0.260838636,"[37344, 37, 24844, 8594, 19844]",351.3490114
31,0.290262454,"[28594, 11, 21094, 7344, 23094]",362.6635165
32,0.292566849,"[11094, 29, 28594, 9844, 29594]",373.9638562
33,0.263553394,"[11641, 19, 25547, 7734, 18828]",385.3562074
34,0.264677219,"[29141, 37, 18047, 5234, 25328]",396.9908786
35,0.323470612,"[37891, 11, 29297, 8984, 28578]",408.3787453
36,0.253867355,"[20391, 28, 21797, 6484, 22078]",420.0102918
37,0.262840959,"[24766, 15, 16172, 7109, 20453]",431.4890182
38,0.284773614,"[42266, 32, 23672, 9609, 26953]",443.2691917
39,0.269076513,"[33516, 24, 19922, 5859, 23703]",454.8448024
40,0.242486568,"[16016, 41, 27422, 8359, 17203]",466.6694207
41,0.295986507,"[18203, 13, 18984, 9922, 26141]",478.110446
42,0.259315423,"[35703, 30, 26484, 7422, 19641]",489.9055381
43,0.275546537,"[44453, 21, 15234, 8672, 22891]",501.5791826
44,0.277931999,"[26953, 39, 22734, 6172, 29391]",513.4755127
45,0.280186695,"[22578, 26, 28359, 5547, 27766]",525.1065979
46,0.267001459,"[40078, 43, 20859, 8047, 21266]",536.8166416
47,0.259844005,"[31328, 17, 24609, 6797, 18016]",548.2663488
48,0.257993167,"[13828, 35, 17109, 9297, 24516]",559.7796066
49,0.279682683,"[12734, 18, 26953, 5703, 22484]",570.8834715
50,0.277179486,"[30234, 36, 19453, 8203, 28984]",582.2206545
51,0.280449769,"[38984, 27, 23203, 6953, 25734]",593.4743099
52,0.242569474,"[21484, 44, 15703, 9453, 19234]",605.008955
53,0.245007563,"[25859, 23, 21328, 8828, 17609]",616.4044189
54,0.282108907,"[43359, 40, 28828, 6328, 24109]",628.2276649
55,0.298562224,"[34609, 14, 17578, 7578, 27359]",639.5405467
56,0.25090793,"[17109, 31, 25078, 5078, 20859]",651.1054337
57,0.284951993,"[14922, 25, 18516, 6641, 29797]",662.4016685
58,0.268602648,"[32422, 42, 26016, 9141, 23297]",674.2789934
59,0.274637663,"[41172, 16, 22266, 5391, 20047]",685.7255645
60,0.272641883,"[23672, 34, 29766, 7891, 26547]",697.233896
61,0.29740478,"[19297, 12, 24141, 8516, 24922]",708.181967
62,0.24985304,"[36797, 29, 16641, 6016, 18422]",719.4178472
63,0.268756588,"[28047, 20, 27891, 9766, 21672]",730.7098536
64,0.276949635,"[10547, 38, 20391, 7266, 28172]",742.2957535
65,0.284646424,"[10820, 24, 27305, 9180, 25430]",753.6962869
66,0.248359988,"[28320, 41, 19805, 6680, 18930]",765.3813818
67,0.282242431,"[37070, 15, 23555, 7930, 22180]",776.543107
68,0.268155511,"[19570, 33, 16055, 5430, 28680]",787.6178772
69,0.30608437,"[23945, 11, 21680, 6055, 27055]",798.4099555
70,0.269952348,"[41445, 28, 29180, 8555, 20555]",809.3103824
71,0.249333741,"[32695, 20, 17930, 7305, 17305]",820.2630224
72,0.260735496,"[15195, 37, 25430, 9805, 23805]",831.5063632
73,0.256826937,"[17383, 17, 16992, 8242, 19742]",842.5946684
74,0.276000207,"[34883, 35, 24492, 5742, 26242]",854.0753832
75,0.295465571,"[43633, 26, 20742, 9492, 29492]",865.2179978
76,0.264927063,"[26133, 44, 28242, 6992, 22992]",876.6848845
77,0.258343141,"[21758, 22, 22617, 6367, 21367]",887.7371173
78,0.278428049,"[39258, 39, 15117, 8867, 27867]",898.9186521
79,0.294998812,"[30508, 13, 26367, 5117, 24617]",910.1343532
80,0.239158977,"[13008, 31, 18867, 7617, 18117]",921.775295
81,0.316936706,"[14102, 14, 24961, 7461, 29086]",933.2611511
82,0.25820362,"[31602, 32, 17461, 9961, 22586]",945.0612075
83,0.267967597,"[40352, 23, 28711, 6211, 19336]",956.4630072
84,0.26427946,"[22852, 40, 21211, 8711, 25836]",967.7703578
85,0.260641117,"[27227, 27, 15586, 8086, 24211]",978.6851587
86,0.265204195,"[44727, 45, 23086, 5586, 17711]",989.952704
87,0.268182504,"[35977, 18, 19336, 9336, 20961]",1001.144613
88,0.272049974,"[18477, 36, 26836, 6836, 27461]",1012.400724
89,0.266381398,"[16289, 21, 20273, 5273, 23398]",1023.920456
90,0.288073239,"[33789, 38, 27773, 7773, 29898]",1035.872046
91,0.30718296,"[42539, 12, 16523, 6523, 26648]",1047.237832
92,0.251072027,"[25039, 29, 24023, 9023, 20148]",1058.886082
93,0.261523334,"[20664, 16, 29648, 9648, 18523]",1070.198789
94,0.273650303,"[38164, 34, 22148, 7148, 25023]",1081.946972
95,0.285454736,"[29414, 25, 25898, 8398, 28273]",1093.757006
96,0.252632328,"[11914, 43, 18398, 5898, 21773]",1105.685958
97,0.295584976,"[11367, 15, 20977, 6758, 23602]",1117.228851
98,0.247298953,"[28867, 32, 28477, 9258, 17102]",1129.185448
99,0.260544106,"[37617, 23, 17227, 5508, 20352]",1140.737511
100,0.268678185,"[20117, 41, 24727, 8008, 26852]",1152.59707
101,0.292083383,"[24492, 19, 26602, 8633, 28477]",1164.02982
102,0.267204627,"[41992, 37, 19102, 6133, 21977]",1175.773551
103,0.279256875,"[33242, 10, 22852, 9883, 18727]",1187.325899
104,0.261224923,"[15742, 28, 15352, 7383, 25227]",1199.045055
105,0.242671002,"[17930, 26, 23789, 5820, 17914]",1210.811116
106,0.267556551,"[35430, 43, 16289, 8320, 24414]",1222.639051
107,0.306925572,"[44180, 17, 27539, 7070, 27664]",1234.172452
108,0.25151199,"[26680, 34, 20039, 9570, 21164]",1245.799139
109,0.282519242,"[22305, 12, 18164, 8945, 22789]",1257.385718
110,0.291720694,"[39805, 30, 25664, 6445, 29289]",1269.274597
111,0.280330067,"[31055, 21, 21914, 7695, 26039]",1280.840641
112,0.251373916,"[13555, 39, 29414, 5195, 19539]",1292.791778
113,0.284456687,"[12461, 22, 16758, 9727, 27258]",1304.284348
114,0.25748095,"[29961, 40, 24258, 7227, 20758]",1316.26418
115,0.265838989,"[38711, 14, 20508, 8477, 17508]",1327.936261
116,0.263181369,"[21211, 31, 28008, 5977, 24008]",1339.624777
117,0.283759962,"[25586, 18, 26133, 5352, 25633]",1351.007494
118,0.259086728,"[43086, 35, 18633, 7852, 19133]",1362.078657
119,0.270582304,"[34336, 27, 29883, 6602, 22383]",1373.191722
120,0.273541472,"[16836, 44, 22383, 9102, 28883]",1384.736997
121,0.296784402,"[14648, 11, 28945, 7539, 21570]",1395.930977
122,0.279627052,"[32148, 29, 21445, 5039, 28070]",1407.560407
123,0.287543523,"[40898, 20, 25195, 8789, 24820]",1419.213982
124,0.240281872,"[23398, 38, 17695, 6289, 18320]",1431.171918
125,0.248127174,"[19023, 24, 19570, 6914, 19945]",1442.905132
126,0.281365427,"[36523, 42, 27070, 9414, 26445]",1454.86699
127,0.296885626,"[27773, 16, 15820, 5664, 29695]",1466.654574
128,0.263916906,"[10273, 33, 23320, 8164, 23195]",1478.401864
129,0.299402801,"[10410, 22, 19395, 5957, 28730]",1490.01067
130,0.261590741,"[27910, 39, 26895, 8457, 22230]",1501.836912
131,0.269032776,"[36660, 13, 15645, 7207, 18980]",1513.37603
132,0.264801049,"[19160, 30, 23145, 9707, 25480]",1524.924118
133,0.280262779,"[23535, 17, 28770, 9082, 23855]",1536.427897
134,0.253922465,"[41035, 35, 21270, 6582, 17355]",1548.088818
135,0.260296331,"[32285, 26, 25020, 7832, 20605]",1559.73098
136,0.265756673,"[14785, 43, 17520, 5332, 27105]",1571.507565
137,0.296285966,"[16973, 11, 25957, 6270, 23043]",1582.800478
138,0.284575529,"[34473, 28, 18457, 8770, 29543]",1594.277666
139,0.299279629,"[43223, 19, 29707, 5020, 26293]",1605.885921
140,0.249083885,"[25723, 37, 22207, 7520, 19793]",1617.623662
141,0.239961141,"[21348, 24, 16582, 8145, 18168]",1629.527961
142,0.276304624,"[38848, 41, 24082, 5645, 24668]",1641.335416
143,0.297530563,"[30098, 15, 20332, 9395, 27918]",1652.873616
144,0.25681423,"[12598, 33, 27832, 6895, 21418]",1664.579368
145,0.29097298,"[13691, 16, 17988, 7988, 25887]",1676.047515
146,0.253741822,"[31191, 34, 25488, 5488, 19387]",1687.561467
147,0.272172129,"[39941, 25, 21738, 9238, 22637]",1699.134996
148,0.279378748,"[22441, 42, 29238, 6738, 29137]",1710.779016
149,0.283934722,"[26816, 21, 23613, 7363, 27512]",1722.207777
150,0.264926691,"[44316, 38, 16113, 9863, 21012]",1733.839031
151,0.274835764,"[35566, 12, 27363, 6113, 17762]",1745.051641
152,0.259426356,"[18066, 29, 19863, 8613, 24262]",1756.542961
153,0.25231445,"[15879, 27, 26426, 9551, 20199]",1768.098792
154,0.274358276,"[33379, 45, 18926, 7051, 26699]",1779.941745
155,0.307877668,"[42129, 18, 22676, 8301, 29949]",1791.229585
156,0.253791275,"[24629, 36, 15176, 5801, 23449]",1802.822275
157,0.273647444,"[20254, 14, 20801, 5176, 21824]",1813.773213
158,0.288221343,"[37754, 31, 28301, 7676, 28324]",1824.667293
159,0.2698343,"[29004, 23, 17051, 6426, 25074]",1835.384187
160,0.24648397,"[11504, 40, 24551, 8926, 18574]",1846.425866
161,0.329319584,"[12051, 12, 29941, 8691, 26902]",1857.062778
162,0.253717817,"[29551, 30, 22441, 6191, 20402]",1867.894932
163,0.258202575,"[38301, 21, 26191, 9941, 17152]",1878.778261
164,0.255147298,"[20801, 39, 18691, 7441, 23652]",1890.052202
165,0.268679371,"[25176, 25, 20566, 6816, 25277]",1901.156812
166,0.268239492,"[42676, 43, 28066, 9316, 18777]",1912.775201
167,0.270674756,"[33926, 17, 16816, 5566, 22027]",1923.821478
168,0.274466006,"[16426, 34, 24316, 8066, 28527]",1935.916136
169,0.257104203,"[18613, 19, 15879, 9004, 21215]",1948.356802
170,0.280743256,"[36113, 36, 23379, 6504, 27715]",1960.496779
171,0.308581024,"[44863, 10, 19629, 7754, 24465]",1971.826179
172,0.24832137,"[27363, 28, 27129, 5254, 17965]",1982.676694
173,0.26552246,"[22988, 15, 25254, 5879, 19590]",1993.459604
174,0.276342664,"[40488, 32, 17754, 8379, 26090]",2004.800301
175,0.294835657,"[31738, 23, 29004, 7129, 29340]",2016.449289
176,0.255851033,"[14238, 41, 21504, 9629, 22840]",2028.758457
177,0.270205764,"[13145, 24, 22910, 5410, 24059]",2041.048047
178,0.243975526,"[30645, 42, 15410, 7910, 17559]",2053.415679
179,0.278981096,"[39395, 16, 26660, 6660, 20809]",2065.417142
180,0.266635727,"[21895, 33, 19160, 9160, 27309]",2077.855973
181,0.311062712,"[26270, 11, 17285, 9785, 28934]",2089.764193
182,0.274514415,"[43770, 29, 24785, 7285, 22434]",2102.032742
183,0.260004013,"[35020, 20, 21035, 8535, 19184]",2114.141653
184,0.267879186,"[17520, 37, 28535, 6035, 25684]",2126.38857
185,0.254399833,"[15332, 18, 21973, 6973, 18371]",2138.689719
186,0.274050204,"[32832, 35, 29473, 9473, 24871]",2151.286166
187,0.286578294,"[41582, 27, 18223, 5723, 28121]",2163.662532
188,0.257859203,"[24082, 44, 25723, 8223, 21621]",2176.491544
189,0.268547156,"[19707, 22, 27598, 7598, 23246]",2188.63865
190,0.285298462,"[37207, 40, 20098, 5098, 29746]",2201.167975
191,0.299559261,"[28457, 13, 23848, 8848, 26496]",2213.097378
192,0.247099504,"[10957, 31, 16348, 6348, 19996]",2225.382733
193,0.277939065,"[10684, 17, 23965, 9512, 20301]",2237.300066
194,0.266990386,"[28184, 34, 16465, 7012, 26801]",2249.662191
195,0.275630599,"[36934, 26, 27715, 8262, 23551]",2261.868277
196,0.238370906,"[19434, 43, 20215, 5762, 17051]",2274.561093
197,0.247186039,"[23809, 21, 18340, 5137, 18676]",2286.91172
198,0.280745238,"[41309, 39, 25840, 7637, 25176]",2299.475219
199,0.308058963,"[32559, 13, 22090, 6387, 28426]",2311.822397
200,0.25910255,"[15059, 30, 29590, 8887, 21926]",2323.319452
201,0.277507655,"[17246, 24, 21152, 7949, 27613]",2334.670407
202,0.266268199,"[34746, 41, 28652, 5449, 21113]",2346.535455
203,0.267180728,"[43496, 15, 17402, 9199, 17863]",2358.427491
204,0.264804971,"[25996, 32, 24902, 6699, 24363]",2370.54767
205,0.309428406,"[21621, 10, 26777, 7324, 25988]",2382.675224
206,0.25746382,"[39121, 28, 19277, 9824, 19488]",2395.126617
207,0.271877232,"[30371, 19, 23027, 6074, 22738]",2407.41805
208,0.272892336,"[12871, 37, 15527, 8574, 29238]",2420.024579
209,0.253338062,"[13965, 20, 28184, 6543, 17457]",2432.141809
210,0.264562718,"[31465, 38, 20684, 9043, 23957]",2444.665666
211,0.313317778,"[40215, 12, 24434, 5293, 27207]",2456.790865
212,0.24634,"[22715, 29, 16934, 7793, 20707]",2469.110966
213,0.270711031,"[27090, 16, 18809, 8418, 22332]",2481.37499
214,0.293610362,"[44590, 33, 26309, 5918, 28832]",2493.76418
215,0.273344239,"[35840, 25, 15059, 9668, 25582]",2505.206776
216,0.245046307,"[18340, 42, 22559, 7168, 19082]",2516.775826
217,0.286259913,"[16152, 14, 15996, 6230, 24770]",2528.630861
218,0.251097071,"[33652, 31, 23496, 8730, 18270]",2540.707525
219,0.271753444,"[42402, 22, 19746, 7480, 21520]",2552.925971
220,0.275838354,"[24902, 40, 27246, 9980, 28020]",2565.359651
221,0.282700811,"[20527, 27, 25371, 9355, 29645]",2577.612301
222,0.268320264,"[38027, 44, 17871, 6855, 23145]",2590.419564
223,0.266834718,"[29277, 18, 29121, 8105, 19895]",2602.647965
224,0.270165526,"[11777, 36, 21621, 5605, 26395]",2614.393701
225,0.260188055,"[11230, 26, 17637, 7090, 22129]",2625.866535
226,0.279921671,"[28730, 44, 25137, 9590, 28629]",2637.874878
227,0.286739542,"[37480, 18, 21387, 5840, 25379]",2649.989521
228,0.24704689,"[19980, 35, 28887, 8340, 18879]",2662.37361
229,0.260208135,"[24355, 13, 23262, 7715, 17254]",2673.922114
230,0.269274025,"[41855, 31, 15762, 5215, 23754]",2685.547432
231,0.287806153,"[33105, 22, 27012, 8965, 27004]",2697.002738
232,0.246295394,"[15605, 39, 19512, 6465, 20504]",2709.220895
233,0.309540964,"[17793, 15, 27949, 5527, 29441]",2721.269868
234,0.263825695,"[35293, 33, 20449, 8027, 22941]",2733.073146
235,0.268195198,"[44043, 24, 24199, 6777, 19691]",2744.265331
236,0.264881546,"[26543, 42, 16699, 9277, 26191]",2755.364848
237,0.272298502,"[22168, 20, 22324, 9902, 24566]",2766.335654
238,0.26172417,"[39668, 37, 29824, 7402, 18066]",2777.867375
239,0.282384739,"[30918, 11, 18574, 8652, 21316]",2788.937581
240,0.280519582,"[13418, 28, 26074, 6152, 27816]",2800.886397
241,0.28303671,"[12324, 12, 19980, 8809, 19285]",2812.810296
242,0.274308337,"[29824, 30, 27480, 6309, 25785]",2825.060685
243,0.291977066,"[38574, 21, 16230, 7559, 29035]",2836.456291
244,0.255538032,"[21074, 38, 23730, 5059, 22535]",2847.598513
245,0.260434094,"[25449, 25, 29355, 5684, 20910]",2859.032198
246,0.286480357,"[42949, 43, 21855, 8184, 27410]",2871.309969
247,0.286784525,"[34199, 16, 25605, 6934, 24160]",2883.785723
248,0.235091333,"[16699, 34, 18105, 9434, 17660]",2896.430764
249,0.280781401,"[14512, 23, 24668, 8496, 26598]",2908.6521
250,0.252320367,"[32012, 40, 17168, 5996, 20098]",2920.93291
251,0.295294105,"[40762, 14, 28418, 9746, 23348]",2933.06754
252,0.277302924,"[23262, 32, 20918, 7246, 29848]",2945.246255
253,0.283532549,"[18887, 19, 15293, 6621, 28223]",2957.415911
254,0.263571013,"[36387, 36, 22793, 9121, 21723]",2969.720049
255,0.244787246,"[27637, 27, 19043, 5371, 18473]",2981.944074
256,0.271129545,"[10137, 45, 26543, 7871, 24973]",2994.617508
257,0.290161285,"[10103, 19, 29312, 9956, 22954]",3007.044725
258,0.278191123,"[27603, 36, 21812, 7456, 29454]",3019.666353
259,0.313750456,"[36353, 10, 25562, 8706, 26204]",3031.67295
260,0.243252491,"[18853, 28, 18062, 6206, 19704]",3043.976788
261,0.257992418,"[23228, 14, 19937, 5581, 18079]",3056.172353
262,0.279014302,"[40728, 32, 27437, 8081, 24579]",3068.496773
263,0.280621266,"[31978, 23, 16187, 6831, 27829]",3080.837069
264,0.25267309,"[14478, 41, 23687, 9331, 21329]",3093.644698
265,0.310658467,"[16665, 12, 15249, 7769, 28642]",3105.644089
266,0.263041244,"[34165, 30, 22749, 5269, 22142]",3117.888099
267,0.26318399,"[42915, 21, 18999, 9019, 18892]",3130.484298
268,0.268309266,"[25415, 38, 26499, 6519, 25392]",3143.297863
269,0.264813041,"[21040, 25, 24624, 7144, 23767]",3155.568743
270,0.252367401,"[38540, 43, 17124, 9644, 17267]",3168.460807
271,0.27084373,"[29790, 17, 28374, 5894, 20517]",3180.649911
272,0.271109259,"[12290, 34, 20874, 8394, 27017]",3192.599198
273,0.265447475,"[13384, 18, 23218, 6675, 20110]",3203.830688
274,0.267647539,"[30884, 35, 15718, 9175, 26610]",3215.665921
275,0.297753088,"[39634, 26, 26968, 5425, 29860]",3227.34354
276,0.256841947,"[22134, 44, 19468, 7925, 23360]",3239.838113
277,0.258454243,"[26509, 22, 17593, 8550, 21735]",3252.520943
278,0.291158594,"[44009, 40, 25093, 6050, 28235]",3265.185217
279,0.295643691,"[35259, 13, 21343, 9800, 24985]",3277.406236
280,0.24572113,"[17759, 31, 28843, 7300, 18485]",3290.136875
281,0.272871359,"[15571, 24, 22280, 5737, 25798]",3302.498045
282,0.261144019,"[33071, 42, 29780, 8237, 19298]",3315.074118
283,0.281651432,"[41821, 16, 18530, 6987, 22548]",3327.425193
284,0.278039689,"[24321, 33, 26030, 9487, 29048]",3339.960466
285,0.313837062,"[19946, 11, 27905, 8862, 27423]",3352.024553
286,0.26087888,"[37446, 29, 20405, 6362, 20923]",3364.086445
287,0.252233825,"[28696, 20, 24155, 7612, 17673]",3376.164991
288,0.259679544,"[11196, 37, 16655, 5112, 24173]",3388.411765
289,0.298475182,"[11743, 11, 18765, 7222, 21126]",3399.786813
290,0.280114451,"[29243, 28, 26265, 9722, 27626]",3411.543411
291,0.277442328,"[37993, 19, 15015, 5972, 24376]",3423.323858
292,0.240322124,"[20493, 37, 22515, 8472, 17876]",3435.559875
293,0.254572193,"[24868, 24, 28140, 7847, 19501]",3448.074897
294,0.280626525,"[42368, 41, 20640, 5347, 26001]",3460.697751
295,0.307505612,"[33618, 15, 24390, 9097, 29251]",3472.969767
296,0.251459768,"[16118, 32, 16890, 6597, 22751]",3484.971875
297,0.280541154,"[18306, 22, 25327, 5034, 26813]",3496.805248
298,0.256459368,"[35806, 39, 17827, 7534, 20313]",3508.668713
299,0.277767185,"[44556, 13, 29077, 6284, 17063]",3520.363496
300,0.261057825,"[27056, 30, 21577, 8784, 23563]",3532.489189
301,0.275949493,"[22681, 17, 15952, 9409, 25188]",3544.374576
302,0.25844372,"[40181, 35, 23452, 6909, 18688]",3556.292527
303,0.260198186,"[31431, 26, 19702, 8159, 21938]",3568.094187
304,0.277440397,"[13931, 43, 27202, 5659, 28438]",3580.177061
305,0.24206865,"[12837, 27, 18296, 9253, 18282]",3591.5926
306,0.271476457,"[30337, 44, 25796, 6753, 24782]",3603.365048
307,0.298036889,"[39087, 18, 22046, 8003, 28032]",3614.5554
308,0.256717249,"[21587, 36, 29546, 5503, 21532]",3626.066455
309,0.281874206,"[25962, 14, 23921, 6128, 23157]",3637.236538
310,0.288825467,"[43462, 31, 16421, 8628, 29657]",3648.62834
311,0.286092067,"[34712, 23, 27671, 7378, 26407]",3659.747644
312,0.244868095,"[17212, 40, 20171, 9878, 19907]",3671.057386
313,0.28597298,"[15024, 16, 26733, 8315, 23970]",3682.064935
314,0.244712047,"[32524, 34, 19233, 5815, 17470]",3693.524126
315,0.267954956,"[41274, 25, 22983, 9565, 20720]",3705.43785
316,0.264771222,"[23774, 42, 15483, 7065, 27220]",3717.6573
317,0.287671121,"[19399, 20, 21108, 6440, 28845]",3729.890203
318,0.270411166,"[36899, 38, 28608, 8940, 22345]",3742.402759
319,0.268232825,"[28149, 12, 17358, 5190, 19095]",3753.538593
320,0.276484314,"[10649, 29, 24858, 7690, 25595]",3764.643253
321,0.314919937,"[10923, 15, 17241, 5854, 27728]",3775.787462
322,0.256410138,"[28423, 33, 24741, 8354, 21228]",3787.586779
323,0.253938215,"[37173, 24, 20991, 7104, 17978]",3800.055467
324,0.2645468,"[19673, 41, 28491, 9604, 24478]",3812.432204
325,0.279041407,"[24048, 20, 22866, 8979, 26103]",3824.363399
326,0.257448465,"[41548, 37, 15366, 6479, 19603]",3836.449179
327,0.295501549,"[32798, 11, 26616, 7729, 22853]",3848.391217
328,0.278986026,"[15298, 28, 19116, 5229, 29353]",3860.909213
329,0.254234665,"[17485, 26, 27554, 6792, 20415]",3872.87285
330,0.276915898,"[34985, 44, 20054, 9292, 26915]",3885.292562
331,0.289510831,"[43735, 17, 23804, 5542, 23665]",3897.238384
332,0.236808746,"[26235, 35, 16304, 8042, 17165]",3909.522954
333,0.264956344,"[21860, 13, 21929, 8667, 18790]",3921.981133
334,0.281337722,"[39360, 31, 29429, 6167, 25290]",3934.114862
335,0.285150506,"[30610, 22, 18179, 9917, 28540]",3946.141424
336,0.256868662,"[13110, 39, 25679, 7417, 22040]",3958.374314
337,0.271786101,"[14204, 23, 20522, 7573, 24884]",3970.585234
338,0.255126959,"[31704, 40, 28022, 5073, 18384]",3983.355964
339,0.280192632,"[40454, 14, 16772, 8823, 21634]",3995.310165
340,0.274201672,"[22954, 32, 24272, 6323, 28134]",4007.638504
341,0.300422466,"[27329, 19, 29897, 6948, 29759]",4019.604308
342,0.275596184,"[44829, 36, 22397, 9448, 23259]",4031.867904
343,0.261744069,"[36079, 27, 26147, 5698, 20009]",4044.540883
344,0.26414736,"[18579, 45, 18647, 8198, 26509]",4056.937696
345,0.268627895,"[16392, 12, 25210, 9761, 17571]",4068.87469
346,0.265796979,"[33892, 29, 17710, 7261, 24071]",4081.030074
347,0.298753419,"[42642, 21, 28960, 8511, 27321]",4093.222674
348,0.251335389,"[25142, 38, 21460, 6011, 20821]",4105.294651
349,0.25382001,"[20767, 25, 15835, 5386, 22446]",4117.494899
350,0.287185794,"[38267, 43, 23335, 7886, 28946]",4130.213683
351,0.285476271,"[29517, 16, 19585, 6636, 25696]",4142.219493
352,0.249309308,"[12017, 34, 27085, 9136, 19196]",4154.211301
353,0.299002181,"[11470, 23, 23569, 8276, 29556]",4165.480667
354,0.257482891,"[28970, 41, 16069, 5776, 23056]",4177.335749
355,0.276539341,"[37720, 15, 27319, 9526, 19806]",4189.027863
356,0.264144897,"[20220, 32, 19819, 7026, 26306]",4201.317
357,0.297160719,"[24595, 10, 17944, 6401, 24681]",4213.199378
358,0.26050778,"[42095, 28, 25444, 8901, 18181]",4225.357678
359,0.268230913,"[33345, 19, 21694, 5151, 21431]",4237.301341
360,0.275955785,"[15845, 37, 29194, 7651, 27931]",4249.509623
361,0.269246235,"[18032, 17, 20757, 9214, 22243]",4261.66259
362,0.286612745,"[35532, 34, 28257, 6714, 28743]",4273.969338
363,0.280638212,"[44282, 26, 17007, 7964, 25493]",4286.243188
364,0.251546167,"[26782, 43, 24507, 5464, 18993]",4298.593503
365,0.247611776,"[22407, 21, 26382, 6089, 17368]",4310.698887
366,0.270798896,"[39907, 39, 18882, 8589, 23868]",4322.99464
367,0.306191014,"[31157, 12, 22632, 7339, 27118]",4335.033223
368,0.245118716,"[13657, 30, 15132, 9839, 20618]",4347.090194
369,0.314331592,"[12563, 14, 28726, 5308, 26712]",4358.771537
370,0.252479525,"[30063, 31, 21226, 7808, 20212]",4370.164111
371,0.278885881,"[38813, 22, 24976, 6558, 23462]",4381.425104
372,0.272665956,"[21313, 40, 17476, 9058, 29962]",4393.440306
373,0.275858182,"[25688, 27, 19351, 9683, 28337]",4405.56594
374,0.276424842,"[43188, 44, 26851, 7183, 21837]",4418.110157
375,0.25587057,"[34438, 18, 15601, 8433, 18587]",4430.278516
376,0.262181836,"[16938, 35, 23101, 5933, 25087]",4442.596875
377,0.251701416,"[14751, 20, 16538, 7495, 19399]",4454.635559
378,0.273081423,"[32251, 38, 24038, 9995, 25899]",4467.036405
379,0.321403765,"[41001, 11, 20288, 6245, 29149]",4478.618477
380,0.260849237,"[23501, 29, 27788, 8745, 22649]",4490.27862
381,0.269301567,"[19126, 16, 25913, 8120, 21024]",4501.643909
382,0.277068947,"[36626, 33, 18413, 5620, 27524]",4513.46722
383,0.273614363,"[27876, 25, 29663, 9370, 24274]",4525.581874
384,0.244138987,"[10376, 42, 22163, 6870, 17774]",4538.309169
385,0.317549061,"[10513, 13, 26206, 8999, 24427]",4549.89847
386,0.242111393,"[28013, 30, 18706, 6499, 17927]",4561.571341
387,0.272947238,"[36763, 22, 29956, 7749, 21177]",4572.576074
388,0.269327407,"[19263, 39, 22456, 5249, 27677]",4584.012751
389,0.277532215,"[23638, 26, 16831, 5874, 29302]",4595.328606
390,0.275041024,"[41138, 44, 24331, 8374, 22802]",4607.229072
391,0.263435968,"[32388, 17, 20581, 7124, 19552]",4618.75561
392,0.269991178,"[14888, 35, 28081, 9624, 26052]",4630.404479
393,0.244610576,"[17075, 19, 19644, 8687, 17114]",4641.607463
394,0.270624706,"[34575, 37, 27144, 6187, 23614]",4652.907743
395,0.310955731,"[43325, 11, 15894, 9937, 26864]",4663.751834
396,0.252224782,"[25825, 28, 23394, 7437, 20364]",4674.656605
397,0.277423576,"[21450, 15, 29019, 6812, 21989]",4685.547369
398,0.28419443,"[38950, 33, 21519, 9312, 28489]",4696.795301
399,0.275763445,"[30200, 24, 25269, 5562, 25239]",4708.439478
400,0.241372766,"[12700, 41, 17769, 8062, 18739]",4720.515766
401,0.285965924,"[13794, 25, 26675, 6968, 28083]",4732.264937
402,0.25808865,"[31294, 42, 19175, 9468, 21583]",4744.356971
403,0.267849005,"[40044, 16, 22925, 5718, 18333]",4755.614363
404,0.256563383,"[22544, 34, 15425, 8218, 24833]",4766.947918
405,0.30045492,"[26919, 12, 21050, 7593, 26458]",4778.324406
406,0.270308117,"[44419, 29, 28550, 5093, 19958]",4790.128344
407,0.270379729,"[35669, 21, 17300, 8843, 23208]",4801.930277
408,0.277191864,"[18169, 38, 24800, 6343, 29708]",4813.968791
409,0.260761575,"[15981, 18, 18237, 5405, 20771]",4825.809893
410,0.279032331,"[33481, 36, 25737, 7905, 27271]",4837.814941
411,0.276981305,"[42231, 27, 21987, 6655, 24021]",4849.618712
412,0.250586198,"[24731, 45, 29487, 9155, 17521]",4861.786816
413,0.249555916,"[20356, 23, 23862, 9780, 19146]",4873.621931
414,0.272139294,"[37856, 40, 16362, 7280, 25646]",4885.74131
415,0.308671914,"[29106, 14, 27612, 8530, 28896]",4897.531906
416,0.257256345,"[11606, 31, 20112, 6030, 22396]",4909.487122
417,0.281694474,"[12153, 21, 15659, 6265, 26255]",4921.307223
418,0.253454291,"[29653, 39, 23159, 8765, 19755]",4933.327462
419,0.291815417,"[38403, 12, 19409, 5015, 23005]",4945.14259
420,0.280359965,"[20903, 30, 26909, 7515, 29505]",4957.054366
421,0.293432376,"[25278, 17, 25034, 8140, 27880]",4968.723356
422,0.264185675,"[42778, 34, 17534, 5640, 21380]",4981.058552
423,0.257258249,"[34028, 25, 28784, 9390, 18130]",4993.077203
424,0.260513316,"[16528, 43, 21284, 6890, 24630]",5005.743464
425,0.282392686,"[18716, 10, 29722, 5952, 18942]",5018.042367
426,0.275671527,"[36216, 28, 22222, 8452, 25442]",5030.225412
427,0.306431254,"[44966, 19, 25972, 7202, 28692]",5042.316287
428,0.254529613,"[27466, 36, 18472, 9702, 22192]",5054.873714
429,0.253160673,"[23091, 23, 20347, 9077, 20567]",5067.232184
430,0.287020947,"[40591, 41, 27847, 6577, 27067]",5079.830442
431,0.280150763,"[31841, 15, 16597, 7827, 23817]",5092.085335
432,0.239347958,"[14341, 32, 24097, 5327, 17317]",5104.441548
433,0.312946986,"[13247, 16, 21753, 9546, 29911]",5116.221885
434,0.26795854,"[30747, 33, 29253, 7046, 23411]",5128.579248
435,0.261163394,"[39497, 24, 18003, 8296, 20161]",5140.242557
436,0.269576579,"[21997, 42, 25503, 5796, 26661]",5152.771487
437,0.279475622,"[26372, 20, 27378, 5171, 25036]",5164.727972
438,0.260426134,"[43872, 38, 19878, 7671, 18536]",5176.370853
439,0.290454907,"[35122, 11, 23628, 6421, 21786]",5187.73953
440,0.270478349,"[17622, 29, 16128, 8921, 28286]",5199.291128
441,0.258461373,"[15435, 27, 22690, 7983, 22599]",5211.499199
442,0.277472056,"[32935, 44, 15190, 5483, 29099]",5223.920253
443,0.295735621,"[41685, 18, 26440, 9233, 25849]",5236.342335
444,0.243598202,"[24185, 35, 18940, 6733, 19349]",5248.917165
445,0.257387787,"[19810, 13, 17065, 7358, 17724]",5261.385389
446,0.272846996,"[37310, 31, 24565, 9858, 24224]",5273.921198
447,0.28222772,"[28560, 22, 20815, 6108, 27474]",5286.168599
448,0.257363291,"[11060, 40, 28315, 8608, 20974]",5298.85056
449,0.254456567,"[10786, 26, 21401, 5522, 19653]",5311.41988
450,0.275305548,"[28286, 43, 28901, 8022, 26153]",5324.295018
451,0.300188377,"[37036, 17, 17651, 6772, 29403]",5336.627887
452,0.256499688,"[19536, 35, 25151, 9272, 22903]",5349.25256
453,0.279246473,"[23911, 13, 27026, 9897, 21278]",5361.395649
454,0.284118711,"[41411, 30, 19526, 7397, 27778]",5373.086248
455,0.277004944,"[32661, 21, 23276, 8647, 24528]",5385.242101
456,0.236185378,"[15161, 39, 15776, 6147, 18028]",5397.419059
457,0.290267349,"[17349, 15, 24214, 7085, 25341]",5408.948967
458,0.249037332,"[34849, 32, 16714, 9585, 18841]",5420.856557
459,0.278300042,"[43599, 24, 27964, 5835, 22091]",5432.950805
460,0.273555975,"[26099, 41, 20464, 8335, 28591]",5445.533714
461,0.280278865,"[21724, 19, 18589, 7710, 26966]",5457.895036
462,0.265353968,"[39224, 37, 26089, 5210, 20466]",5470.360403
463,0.271028516,"[30474, 10, 22339, 8960, 17216]",5482.660338
464,0.269176741,"[12974, 28, 29839, 6460, 23716]",5495.280037
465,0.293968075,"[14067, 12, 16245, 8491, 23310]",5507.290394
466,0.286314016,"[31567, 29, 23745, 5991, 29810]",5518.887407
467,0.289372719,"[40317, 20, 19995, 9741, 26560]",5530.693787
468,0.251952251,"[22817, 38, 27495, 7241, 20060]",5542.033975
469,0.250676666,"[27192, 25, 25620, 6616, 18435]",5553.82759
470,0.278712456,"[44692, 42, 18120, 9116, 24935]",5566.109884
471,0.305385048,"[35942, 16, 29370, 5366, 28185]",5577.604983
472,0.250528667,"[18442, 33, 21870, 7866, 21685]",5589.3835
473,0.292737326,"[16255, 22, 28433, 8804, 28997]",5601.162151
474,0.263086649,"[33755, 40, 20933, 6304, 22497]",5613.421977
475,0.278590273,"[42505, 14, 24683, 7554, 19247]",5625.040279
476,0.262775856,"[25005, 31, 17183, 5054, 25747]",5636.652378
477,0.271737267,"[20630, 18, 19058, 5679, 24122]",5648.038118
478,0.25623459,"[38130, 36, 26558, 8179, 17622]",5659.735514
479,0.251280968,"[29380, 27, 15308, 6929, 20872]",5671.697856
480,0.27316352,"[11880, 44, 22808, 9429, 27372]",5683.775982
481,0.264104104,"[11333, 18, 27729, 7944, 17825]",5695.001976
482,0.262636379,"[28833, 35, 20229, 5444, 24325]",5706.258603
483,0.286405252,"[37583, 26, 23979, 9194, 27575]",5717.755971
484,0.24755386,"[20083, 44, 16479, 6694, 21075]",5729.937257
485,0.263916641,"[24458, 22, 22104, 7319, 22700]",5741.505941
486,0.295061709,"[41958, 39, 29604, 9819, 29200]",5753.630477
487,0.295937596,"[33208, 13, 18354, 6069, 25950]",5765.117832
488,0.247208355,"[15708, 31, 25854, 8569, 19450]",5777.472713
489,0.259687443,"[17896, 24, 17417, 9507, 23513]",5788.855094
490,0.253683217,"[35396, 42, 24917, 7007, 17013]",5800.28732
491,0.279319429,"[44146, 15, 21167, 8257, 20263]",5811.445236
492,0.274568516,"[26646, 33, 28667, 5757, 26763]",5823.203219
493,0.312987909,"[22271, 11, 23042, 5132, 28388]",5835.118578
494,0.262854382,"[39771, 28, 15542, 7632, 21888]",5847.205935
495,0.25927221,"[31021, 20, 26792, 6382, 18638]",5859.188303
496,0.261824126,"[13521, 37, 19292, 8882, 25138]",5871.522547
497,0.267793361,"[12427, 21, 24448, 6226, 21481]",5883.631712
498,0.27207542,"[29927, 38, 16948, 8726, 27981]",5895.765741
499,0.305149159,"[38677, 12, 28198, 7476, 24731]",5907.241215
500,0.239782194,"[21177, 30, 20698, 9976, 18231]",5919.20114
501,0.257729062,"[25552, 16, 15073, 9351, 19856]",5930.618526
502,0.282329053,"[43052, 34, 22573, 6851, 26356]",5942.886186
503,0.288157234,"[34302, 25, 18823, 8101, 29606]",5954.817446
504,0.259618367,"[16802, 43, 26323, 5601, 23106]",5967.266464
505,0.302972112,"[14614, 14, 19761, 6538, 27169]",5979.250236
506,0.259893821,"[32114, 32, 27261, 9038, 20669]",5991.481974
507,0.252912438,"[40864, 23, 16011, 5288, 17419]",6003.564176
508,0.260979537,"[23364, 41, 23511, 7788, 23919]",6016.051714
509,0.271915728,"[18989, 27, 29136, 8413, 25544]",6028.140429
510,0.259361146,"[36489, 45, 21636, 5913, 19044]",6040.422582
511,0.270326284,"[27739, 19, 25386, 9663, 22294]",6052.462543
512,0.278845594,"[10239, 36, 17886, 7163, 28794]",6064.728479
513,0.296162598,"[10256, 14, 28074, 6077, 20713]",6076.386951
514,0.271734037,"[27756, 32, 20574, 8577, 27213]",6088.475109
515,0.276797412,"[36506, 23, 24324, 7327, 23963]",6099.956405
516,0.23604014,"[19006, 41, 16824, 9827, 17463]",6112.389889
517,0.246394803,"[23381, 27, 22449, 9202, 19088]",6124.437905
518,0.286358935,"[40881, 45, 29949, 6702, 25588]",6136.904131
519,0.291875203,"[32131, 19, 18699, 7952, 28838]",6148.91744
520,0.2570325,"[14631, 36, 26199, 5452, 22338]",6161.184214
521,0.282009826,"[16819, 21, 17761, 6389, 28026]",6173.35798
522,0.263379679,"[34319, 38, 25261, 8889, 21526]",6185.687155
523,0.278558656,"[43069, 12, 21511, 5139, 18276]",6197.656163
524,0.269141664,"[25569, 30, 29011, 7639, 24776]",6209.860129
525,0.285761875,"[21194, 17, 23386, 8264, 26401]",6221.960491
526,0.254847309,"[38694, 34, 15886, 5764, 19901]",6234.116142
527,0.269599465,"[29944, 25, 27136, 9514, 23151]",6245.83066
528,0.277100132,"[12444, 43, 19636, 7014, 29651]",6257.731775
529,0.24408762,"[13538, 24, 24792, 8108, 17057]",6268.808138
530,0.261827542,"[31038, 42, 17292, 5608, 23557]",6281.038064
531,0.305209577,"[39788, 15, 28542, 9358, 26807]",6292.954859
532,0.246651601,"[22288, 33, 21042, 6858, 20307]",6305.108571
533,0.280583819,"[26663, 11, 15417, 7483, 21932]",6317.06491
534,0.291907461,"[44163, 29, 22917, 9983, 28432]",6329.257087
535,0.279940833,"[35413, 20, 19167, 6233, 25182]",6341.266241
536,0.245180413,"[17913, 37, 26667, 8733, 18682]",6353.641393
537,0.276932144,"[15725, 18, 20105, 9670, 24370]",6365.723541
538,0.252744843,"[33225, 35, 27605, 7170, 17870]",6377.978567
539,0.264150232,"[41975, 26, 16355, 8420, 21120]",6390.124926
540,0.272916179,"[24475, 44, 23855, 5920, 27620]",6402.494396
541,0.291639451,"[20100, 22, 29480, 5295, 29245]",6414.133318
542,0.268087833,"[37600, 40, 21980, 7795, 22745]",6426.529142
543,0.273119786,"[28850, 13, 25730, 6545, 19495]",6437.998494
544,0.269424971,"[11350, 31, 18230, 9045, 25995]",6450.271628
545,0.267859082,"[11897, 23, 21277, 8655, 22542]",6462.59102
546,0.283143046,"[29397, 40, 28777, 6155, 29042]",6474.677382
547,0.294665349,"[38147, 14, 17527, 9905, 25792]",6486.32531
548,0.245830345,"[20647, 31, 25027, 7405, 19292]",6497.901293
549,0.254284623,"[25022, 18, 26902, 6780, 17667]",6509.673059
550,0.273796237,"[42522, 36, 19402, 9280, 24167]",6521.531464
551,0.281418094,"[33772, 27, 23152, 5530, 27417]",6533.772615
552,0.246096324,"[16272, 44, 15652, 8030, 20917]",6546.22208
553,0.319888366,"[18459, 12, 24089, 8967, 29854]",6558.109112
554,0.264411051,"[35959, 29, 16589, 6467, 23354]",6570.50627
555,0.276646448,"[44709, 20, 27839, 7717, 20104]",6582.500836
556,0.268495597,"[27209, 38, 20339, 5217, 26604]",6594.943185
557,0.265106239,"[22834, 25, 18464, 5842, 24979]",6607.344204
558,0.263071492,"[40334, 42, 25964, 8342, 18479]",6619.96296
559,0.273698657,"[31584, 16, 22214, 7092, 21729]",6631.742666
560,0.27976398,"[14084, 33, 29714, 9592, 28229]",6643.350305
561,0.264163705,"[12991, 15, 16121, 5374, 18885]",6654.881887
562,0.270315238,"[30491, 32, 23621, 7874, 25385]",6666.314124
563,0.290140662,"[39241, 24, 19871, 6624, 28635]",6678.652386
564,0.25786159,"[21741, 41, 27371, 9124, 22135]",6691.113931
565,0.262870878,"[26116, 19, 25496, 9749, 20510]",6703.02159
566,0.281870201,"[43616, 37, 17996, 7249, 27010]",6715.178601
567,0.302344947,"[34866, 11, 29246, 8499, 23760]",6726.938645
568,0.237649272,"[17366, 28, 21746, 5999, 17260]",6738.74537
569,0.276653291,"[15178, 26, 28308, 6936, 26198]",6750.77371
570,0.255958157,"[32678, 43, 20808, 9436, 19698]",6762.911659
571,0.285464747,"[41428, 17, 24558, 5686, 22948]",6774.58531
572,0.272101626,"[23928, 35, 17058, 8186, 29448]",6786.583462
573,0.301494301,"[19553, 13, 18933, 7561, 27823]",6798.269924
574,0.26557315,"[37053, 30, 26433, 5061, 21323]",6809.054516
575,0.245576057,"[28303, 21, 15183, 8811, 18073]",6820.323362
576,0.265971346,"[10803, 39, 22683, 6311, 24573]",6832.104578
577,0.284839036,"[11077, 27, 15769, 9397, 29143]",6843.869555
578,0.262530792,"[28577, 44, 23269, 6897, 22643]",6856.29707
579,0.26384823,"[37327, 18, 19519, 8147, 19393]",6868.327723
580,0.266997291,"[19827, 35, 27019, 5647, 25893]",6880.499785
581,0.286613814,"[24202, 14, 25144, 5022, 24268]",6892.534516
582,0.252660799,"[41702, 31, 17644, 7522, 17768]",6903.852277
583,0.268513587,"[32952, 22, 28894, 6272, 21018]",6915.064319
584,0.269060624,"[15452, 40, 21394, 8772, 27518]",6926.918996
585,0.283114781,"[17639, 16, 29832, 7834, 23456]",6938.661145
586,0.285709929,"[35139, 33, 22332, 5334, 29956]",6950.909402
587,0.292266814,"[43889, 24, 26082, 9084, 26706]",6963.05084
588,0.249819496,"[26389, 42, 18582, 6584, 20206]",6975.666423
589,0.248946062,"[22014, 20, 20457, 7209, 18581]",6987.539216
590,0.279973193,"[39514, 38, 27957, 9709, 25081]",6999.324628
591,0.309637616,"[30764, 11, 16707, 5959, 28331]",7011.490253
592,0.257190968,"[13264, 29, 24207, 8459, 21831]",7023.601019
593,0.315865756,"[14358, 10, 21863, 6428, 25487]",7035.451163
594,0.256852508,"[31858, 28, 29363, 8928, 18987]",7047.641445
595,0.274473907,"[40608, 19, 18113, 5178, 22237]",7059.582589
596,0.275979907,"[23108, 37, 25613, 7678, 28737]",7071.842133
597,0.283337587,"[27483, 23, 27488, 8303, 27112]",7083.857626
598,0.268523144,"[44983, 41, 19988, 5803, 20612]",7095.625489
599,0.263648398,"[36233, 15, 23738, 9553, 17362]",7107.809008
600,0.254016333,"[18733, 32, 16238, 7053, 23862]",7120.044483
601,0.254291569,"[16545, 21, 22800, 6116, 19799]",7131.872915
602,0.269515263,"[34045, 39, 15300, 8616, 26299]",7144.186353
603,0.325933664,"[42795, 12, 26550, 7366, 29549]",7155.995072
604,0.256287276,"[25295, 30, 19050, 9866, 23049]",7167.881466
605,0.262199257,"[20920, 17, 17175, 9241, 21424]",7179.813829
606,0.28410028,"[38420, 34, 24675, 6741, 27924]",7191.462569
607,0.268672577,"[29670, 26, 20925, 7991, 24674]",7203.56845
608,0.248491173,"[12170, 43, 28425, 5491, 18174]",7216.021986
609,0.303857854,"[11624, 18, 25847, 7131, 27315]",7227.849908
610,0.251783882,"[29124, 36, 18347, 9631, 20815]",7240.044414
611,0.258042152,"[37874, 27, 29597, 5881, 17565]",7252.172511
612,0.26002961,"[20374, 45, 22097, 8381, 24065]",7264.532365
613,0.268891236,"[24749, 23, 16472, 7756, 25690]",7276.572773
614,0.264361962,"[42249, 40, 23972, 5256, 19190]",7288.516191
615,0.28077747,"[33499, 14, 20222, 9006, 22440]",7300.484947
616,0.279739987,"[15999, 32, 27722, 6506, 28940]",7312.616591
617,0.253676321,"[18186, 25, 19285, 5569, 21627]",7324.678508
618,0.285136327,"[35686, 43, 26785, 8069, 28127]",7336.913665
619,0.290260925,"[44436, 16, 15535, 6819, 24877]",7348.659871
620,0.245524004,"[26936, 34, 23035, 9319, 18377]",7360.768012
621,0.27837763,"[22561, 12, 28660, 9944, 20002]",7372.585829
622,0.280947738,"[40061, 29, 21160, 7444, 26502]",7384.090347
623,0.295567552,"[31311, 21, 24910, 8694, 29752]",7395.94217
624,0.254226123,"[13811, 38, 17410, 6194, 23252]",7407.761938
625,0.279692743,"[12717, 20, 26316, 8850, 23659]",7419.191908
626,0.242706289,"[30217, 37, 18816, 6350, 17159]",7431.061952
627,0.286707722,"[38967, 11, 22566, 7600, 20409]",7442.798086
628,0.265257069,"[21467, 28, 15066, 5100, 26909]",7454.745607
629,0.297996361,"[25842, 15, 20691, 5725, 28534]",7466.620132
630,0.274170327,"[43342, 33, 28191, 8225, 22034]",7478.249626
631,0.251508533,"[34592, 24, 16941, 6975, 18784]",7490.442789
632,0.264053877,"[17092, 41, 24441, 9475, 25284]",7502.738709
633,0.263652039,"[14905, 13, 17878, 8538, 17971]",7514.610419
634,0.270647415,"[32405, 30, 25378, 6038, 24471]",7526.791296
635,0.292951383,"[41155, 22, 21628, 9788, 27721]",7538.692207
636,0.257194318,"[23655, 39, 29128, 7288, 21221]",7550.901063
637,0.25948728,"[19280, 26, 23503, 6663, 22846]",7562.958794
638,0.281868337,"[36780, 44, 16003, 9163, 29346]",7575.103733
639,0.289771857,"[28030, 17, 27253, 5413, 26096]",7586.956581
640,0.247543036,"[10530, 35, 19753, 7913, 19596]",7598.768431
641,0.295489017,"[10393, 20, 23679, 5120, 25842]",7610.509315
642,0.245408957,"[27893, 38, 16179, 7620, 19342]",7622.552508
643,0.297410042,"[36643, 11, 27429, 6370, 22592]",7634.391786
644,0.275371828,"[19143, 29, 19929, 8870, 29092]",7646.345908
645,0.288615976,"[23518, 16, 18054, 9495, 27467]",7657.96277
646,0.266913462,"[41018, 33, 25554, 6995, 20967]",7669.898252
647,0.249472738,"[32268, 25, 21804, 8245, 17717]",7681.541359
648,0.265527607,"[14768, 42, 29304, 5745, 24217]",7693.641778
649,0.269177876,"[16956, 14, 20867, 7307, 20155]",7705.178652
650,0.280770755,"[34456, 31, 28367, 9807, 26655]",7717.230843
651,0.298809335,"[43206, 22, 17117, 6057, 29905]",7729.017259
652,0.261668564,"[25706, 40, 24617, 8557, 23405]",7741.015785
653,0.257193649,"[21331, 27, 26492, 7932, 21780]",7753.146517
654,0.283301565,"[38831, 44, 18992, 5432, 28280]",7765.463968
655,0.281609324,"[30081, 18, 22742, 9182, 25030]",7777.290015
656,0.238165172,"[12581, 36, 15242, 6682, 18530]",7789.726705
657,0.308205259,"[13674, 17, 28835, 8401, 28686]",7801.248491
658,0.259009018,"[31174, 34, 21335, 5901, 22186]",7813.20584
659,0.261595695,"[39924, 26, 25085, 9651, 18936]",7824.864153
660,0.261002736,"[22424, 43, 17585, 7151, 25436]",7836.738867
661,0.2678574,"[26799, 21, 19460, 6526, 23811]",7848.205246
662,0.26306707,"[44299, 39, 26960, 9026, 17311]",7860.427352
663,0.274470099,"[35549, 13, 15710, 5276, 20561]",7871.958643
664,0.270296777,"[18049, 30, 23210, 7776, 27061]",7883.717462
665,0.258319003,"[15862, 24, 16648, 9338, 22999]",7895.596614
666,0.284435816,"[33362, 41, 24148, 6838, 29499]",7907.822284
667,0.299141239,"[42112, 15, 20398, 8088, 26249]",7919.419128
668,0.251713117,"[24612, 32, 27898, 5588, 19749]",7931.264459
669,0.275012107,"[20237, 10, 26023, 6213, 18124]",7942.997385
670,0.271680868,"[37737, 28, 18523, 8713, 24624]",7955.036979
671,0.294441687,"[28987, 19, 29773, 7463, 27874]",7966.950517
672,0.254010623,"[11487, 37, 22273, 9963, 21374]",7978.985101
673,0.305644535,"[12034, 12, 16882, 7698, 24014]",7989.936861
674,0.246117462,"[29534, 30, 24382, 5198, 17514]",8000.989318
675,0.266553673,"[38284, 21, 20632, 8948, 20764]",8012.179649
676,0.272323191,"[20784, 38, 28132, 6448, 27264]",8024.108616
677,0.282270268,"[25159, 25, 22507, 7073, 28889]",8035.701899
678,0.268224448,"[42659, 43, 15007, 9573, 22389]",8047.790897
679,0.268367876,"[33909, 16, 26257, 5823, 19139]",8059.884517
680,0.261215673,"[16409, 34, 18757, 8323, 25639]",8071.945776
681,0.24925017,"[18596, 23, 27195, 9885, 18327]",8083.462138
682,0.270667839,"[36096, 40, 19695, 7385, 24827]",8094.680949
683,0.312850435,"[44846, 14, 23445, 8635, 28077]",8105.951834
684,0.250782319,"[27346, 32, 15945, 6135, 21577]",8117.348488
685,0.268475772,"[22971, 19, 21570, 5510, 23202]",8129.542848
686,0.294347694,"[40471, 36, 29070, 8010, 29702]",8141.48499
687,0.272927884,"[31721, 27, 17820, 6760, 26452]",8153.593031
688,0.251144309,"[14221, 45, 25320, 9260, 19952]",8165.984139
689,0.276113894,"[13127, 26, 20164, 5667, 26858]",8177.895373
690,0.261388376,"[30627, 44, 27664, 8167, 20358]",8190.327096
691,0.255312142,"[39377, 18, 16414, 6917, 17108]",8202.291695
692,0.258553347,"[21877, 35, 23914, 9417, 23608]",8214.538603
693,0.297517689,"[26252, 13, 29539, 8792, 25233]",8226.65491
694,0.260663409,"[43752, 31, 22039, 6292, 18733]",8238.75313
695,0.27129934,"[35002, 22, 25789, 7542, 21983]",8250.494989
696,0.268945737,"[17502, 39, 18289, 5042, 28483]",8262.871389
697,0.275495946,"[15315, 15, 24851, 6604, 21170]",8274.714537
698,0.273680475,"[32815, 33, 17351, 9104, 27670]",8286.804462
699,0.284526594,"[41565, 24, 28601, 5354, 24420]",8298.869464
700,0.243453979,"[24065, 42, 21101, 7854, 17920]",8310.966887
701,0.248709698,"[19690, 20, 15476, 8479, 19545]",8322.742378
702,0.276712947,"[37190, 37, 22976, 5979, 26045]",8334.647615
703,0.314413192,"[28440, 11, 19226, 9729, 29295]",8346.360276
704,0.26744279,"[10940, 28, 26726, 7229, 22795]",8357.99405
705,0.264011753,"[10667, 16, 19109, 9065, 17413]",8369.667704
706,0.26566631,"[28167, 34, 26609, 6565, 23913]",8382.020493
707,0.279618133,"[36917, 25, 15359, 7815, 27163]",8393.911528
708,0.249931115,"[19417, 42, 22859, 5315, 20663]",8406.035378
709,0.267442472,"[23792, 21, 28484, 5940, 22288]",8417.742669
710,0.286884884,"[41292, 38, 20984, 8440, 28788]",8429.873438
711,0.302024057,"[32542, 12, 24734, 7190, 25538]",8441.29142
712,0.240972483,"[15042, 29, 17234, 9690, 19038]",8453.577101
713,0.267207115,"[17229, 27, 25671, 8127, 24725]",8465.445199
714,0.253087982,"[34729, 45, 18171, 5627, 18225]",8477.603441
715,0.283885972,"[43479, 18, 29421, 9377, 21475]",8489.529468
716,0.272898849,"[25979, 36, 21921, 6877, 27975]",8501.585061
717,0.301727388,"[21604, 14, 16296, 6252, 29600]",8513.31714
718,0.270524409,"[39104, 31, 23796, 8752, 23100]",8525.009885
719,0.255129339,"[30354, 23, 20046, 5002, 19850]",8537.324241
720,0.271842682,"[12854, 40, 27546, 7502, 26350]",8549.424467
721,0.254818062,"[13948, 22, 18640, 7346, 20256]",8561.225123
722,0.276437815,"[31448, 39, 26140, 9846, 26756]",8573.469375
723,0.293975082,"[40198, 13, 22390, 6096, 23506]",8585.131778
724,0.243361132,"[22698, 30, 29890, 8596, 17006]",8596.910446
725,0.258942969,"[27073, 17, 24265, 7971, 18631]",8607.841061
726,0.276102792,"[44573, 35, 16765, 5471, 25131]",8619.584355
727,0.290473806,"[35823, 26, 28015, 9221, 28381]",8631.211246
728,0.251969824,"[18323, 43, 20515, 6721, 21881]",8643.243634
729,0.319352433,"[16135, 11, 27078, 5159, 27569]",8654.941144
730,0.257862728,"[33635, 28, 19578, 7659, 21069]",8666.803716
731,0.264351466,"[42385, 19, 23328, 6409, 17819]",8678.732241
732,0.256997774,"[24885, 37, 15828, 8909, 24319]",8690.3304
733,0.270427775,"[20510, 24, 21453, 9534, 25944]",8702.459615
734,0.264965429,"[38010, 41, 28953, 7034, 19444]",8714.659422
735,0.27498668,"[29260, 15, 17703, 8284, 22694]",8726.469256
736,0.283106073,"[11760, 33, 25203, 5784, 29194]",8738.496161
737,0.259860079,"[11213, 24, 29187, 6799, 19241]",8750.497262
738,0.269000362,"[28713, 42, 21687, 9299, 25741]",8762.614628
739,0.306535697,"[37463, 16, 25437, 5549, 28991]",8774.472167
740,0.250206702,"[19963, 33, 17937, 8049, 22491]",8786.235323
741,0.278694606,"[24338, 11, 19812, 8674, 20866]",8797.891479
742,0.28961167,"[41838, 29, 27312, 6174, 27366]",8809.746756
743,0.272192379,"[33088, 20, 16062, 9924, 24116]",8821.768925
744,0.239848747,"[15588, 37, 23562, 7424, 17616]",8833.983899
745,0.280130839,"[17776, 18, 15125, 5862, 26553]",8845.91277
746,0.257185166,"[35276, 35, 22625, 8362, 20053]",8857.953145
747,0.274075242,"[44026, 27, 18875, 7112, 23303]",8869.84
748,0.282096737,"[26526, 44, 26375, 9612, 29803]",8881.875041
749,0.284255663,"[22151, 22, 24500, 8987, 28178]",8893.525833
750,0.263537803,"[39651, 40, 17000, 6487, 21678]",8905.875001
751,0.272067977,"[30901, 13, 28250, 7737, 18428]",8917.599022
752,0.263691316,"[13401, 31, 20750, 5237, 24928]",8929.646859
753,0.299195005,"[12307, 12, 23093, 9768, 22084]",8941.369488
754,0.274452034,"[29807, 30, 15593, 7268, 28584]",8953.371946
755,0.286924935,"[38557, 21, 26843, 8518, 25334]",8965.143006
756,0.241843188,"[21057, 39, 19343, 6018, 18834]",8977.3754
757,0.239366703,"[25432, 25, 17468, 5393, 17209]",8988.989286
758,0.279079213,"[42932, 43, 24968, 7893, 23709]",9001.120994
759,0.292109677,"[34182, 17, 21218, 6643, 26959]",9013.1027
760,0.25166215,"[16682, 34, 28718, 9143, 20459]",9024.957673
761,0.298404349,"[14495, 19, 22156, 7581, 29397]",9036.44914
762,0.268218836,"[31995, 36, 29656, 5081, 22897]",9048.270512
763,0.285045673,"[40745, 10, 18406, 8831, 19647]",9060.054313
764,0.271380052,"[23245, 28, 25906, 6331, 26147]",9071.532817
765,0.290913853,"[18870, 14, 27781, 6956, 24522]",9083.644892
766,0.250467992,"[36370, 32, 20281, 9456, 18022]",9095.627607
767,0.260856146,"[27620, 23, 24031, 5706, 21272]",9107.170513
768,0.272743554,"[10120, 41, 16531, 8206, 27772]",9119.049372
769,0.339301455,"[10085, 14, 22903, 7527, 29791]",9130.562009
770,0.255836105,"[27585, 32, 15403, 5027, 23291]",9142.406145
771,0.265162165,"[36335, 23, 26653, 8777, 20041]",9153.77912
772,0.263832849,"[18835, 41, 19153, 6277, 26541]",9166.010629
773,0.271792127,"[23210, 19, 17278, 6902, 24916]",9177.562643
774,0.259702621,"[40710, 36, 24778, 9402, 18416]",9189.392558
775,0.289392865,"[31960, 10, 21028, 5652, 21666]",9200.720412
776,0.28221886,"[14460, 28, 28528, 8152, 28166]",9211.784384
777,0.259314816,"[16648, 25, 21965, 9714, 22478]",9222.787262
778,0.288030519,"[34148, 43, 29465, 7214, 28978]",9234.448398
779,0.292183872,"[42898, 17, 18215, 8464, 25728]",9246.25573
780,0.248862488,"[25398, 34, 25715, 5964, 19228]",9258.176618
781,0.267472058,"[21023, 12, 27590, 5339, 17603]",9270.062131
782,0.270856032,"[38523, 30, 20090, 7839, 24103]",9281.846197
783,0.28552937,"[29773, 21, 23840, 6589, 27353]",9293.464053
784,0.246918876,"[12273, 38, 16340, 9089, 20853]",9305.654353
785,0.287242453,"[13367, 22, 29934, 5808, 26134]",9316.849067
786,0.253802765,"[30867, 40, 22434, 8308, 19634]",9328.602709
787,0.293962616,"[39617, 13, 26184, 7058, 22884]",9340.31237
788,0.273874422,"[22117, 31, 18684, 9558, 29384]",9352.321928
789,0.288059046,"[26492, 18, 20559, 8933, 27759]",9364.194379
790,0.272782833,"[43992, 35, 28059, 6433, 21259]",9376.165271
791,0.248401285,"[35242, 26, 16809, 7683, 18009]",9388.129087
792,0.262426137,"[17742, 44, 24309, 5183, 24509]",9400.166143
793,0.272363851,"[15554, 11, 15872, 6746, 18822]",9411.864134
794,0.273084053,"[33054, 29, 23372, 9246, 25322]",9423.964181
795,0.297338155,"[41804, 20, 19622, 5496, 28572]",9435.706327
796,0.258235128,"[24304, 37, 27122, 7996, 22072]",9447.989534
797,0.253893992,"[19929, 24, 25247, 8621, 20447]",9459.856685
798,0.276818362,"[37429, 42, 17747, 6121, 26947]",9472.252848
799,0.286686427,"[28679, 15, 28997, 9871, 23697]",9483.89615
800,0.239558253,"[11179, 33, 21497, 7371, 17197]",9495.942399
801,0.287042416,"[11726, 24, 17981, 5261, 28369]",9508.314153
802,0.26122359,"[29226, 41, 25481, 7761, 21869]",9520.371496
803,0.268307572,"[37976, 15, 21731, 6511, 18619]",9531.918984
804,0.267192092,"[20476, 32, 29231, 9011, 25119]",9543.8331
805,0.30621818,"[24851, 11, 23606, 9636, 26744]",9555.622908
806,0.260404047,"[42351, 28, 16106, 7136, 20244]",9567.092095
807,0.279795846,"[33601, 19, 27356, 8386, 23494]",9579.112434
808,0.27565554,"[16101, 37, 19856, 5886, 29994]",9591.132299
809,0.268232796,"[18289, 17, 26418, 7449, 21056]",9603.015271
810,0.276484722,"[35789, 35, 18918, 9949, 27556]",9615.116735
811,0.281190375,"[44539, 26, 22668, 6199, 24306]",9627.293803
812,0.24185412,"[27039, 43, 15168, 8699, 17806]",9639.359435
813,0.250595276,"[22664, 22, 20793, 8074, 19431]",9651.240299
814,0.283450953,"[40164, 39, 28293, 5574, 25931]",9663.63867
815,0.306804807,"[31414, 13, 17043, 9324, 29181]",9675.264436
816,0.258877469,"[13914, 30, 24543, 6824, 22681]",9687.38861
817,0.297154825,"[12820, 14, 19387, 8230, 24712]",9699.475451
818,0.250597735,"[30320, 31, 26887, 5730, 18212]",9711.68053
819,0.26447547,"[39070, 23, 15637, 9480, 21462]",9723.704096
820,0.271139209,"[21570, 40, 23137, 6980, 27962]",9736.116362
821,0.286888356,"[25945, 27, 28762, 6355, 29587]",9748.356044
822,0.27590369,"[43445, 44, 21262, 8855, 23087]",9760.416692
823,0.267314746,"[34695, 18, 25012, 5105, 19837]",9772.186129
824,0.262234906,"[17195, 36, 17512, 7605, 26337]",9784.282554
825,0.25029986,"[15007, 20, 25950, 9167, 17400]",9795.92887
826,0.263695665,"[32507, 38, 18450, 6667, 23900]",9807.716407
827,0.317704678,"[41257, 12, 29700, 7917, 27150]",9819.186804
828,0.250539503,"[23757, 29, 22200, 5417, 20650]",9831.035419
829,0.267365718,"[19382, 16, 16575, 6042, 22275]",9842.614864
830,0.284797386,"[36882, 34, 24075, 8542, 28775]",9854.639228
831,0.271288405,"[28132, 25, 20325, 7292, 25525]",9866.427885
832,0.251930678,"[10632, 42, 27825, 9792, 19025]",9878.731436
833,0.272645798,"[10906, 20, 19973, 6707, 21767]",9890.334944
834,0.279432773,"[28406, 37, 27473, 9207, 28267]",9902.552523
835,0.299370905,"[37156, 11, 16223, 5457, 25017]",9914.291347
836,0.243388258,"[19656, 28, 23723, 7957, 18517]",9926.422854
837,0.270834067,"[24031, 15, 29348, 8582, 20142]",9938.36587
838,0.281241062,"[41531, 33, 21848, 6082, 26642]",9950.393793
839,0.293289596,"[32781, 24, 25598, 9832, 29892]",9962.2336
840,0.254513022,"[15281, 41, 18098, 7332, 23392]",9974.51796
841,0.306546559,"[17468, 13, 24661, 5769, 27455]",9986.403779
842,0.255780895,"[34968, 31, 17161, 8269, 20955]",9998.546738
843,0.266461327,"[43718, 22, 28411, 7019, 17705]",10010.61516
844,0.261465798,"[26218, 39, 20911, 9519, 24205]",10022.80282
845,0.263930886,"[21843, 26, 15286, 8894, 25830]",10034.58425
846,0.263227238,"[39343, 44, 22786, 6394, 19330]",10047.02046
847,0.272238079,"[30593, 17, 19036, 7644, 22580]",10059.14015
848,0.280356957,"[13093, 35, 26536, 5144, 29080]",10071.08522
849,0.251687273,"[14187, 18, 17629, 9988, 18111]",10082.78294
850,0.269646035,"[31687, 36, 25129, 7488, 24611]",10094.37404
851,0.287078106,"[40437, 27, 21379, 8738, 27861]",10106.03318
852,0.259011582,"[22937, 45, 28879, 6238, 21361]",10117.79144
853,0.265969874,"[27312, 23, 23254, 5613, 22986]",10129.8979
854,0.288565374,"[44812, 40, 15754, 8113, 29486]",10142.05623
855,0.301824938,"[36062, 14, 27004, 6863, 26236]",10153.86965
856,0.243072745,"[18562, 32, 19504, 9363, 19736]",10166.02966
857,0.268465786,"[16375, 25, 27942, 7800, 23798]",10177.98242
858,0.250370365,"[33875, 43, 20442, 5300, 17298]",10190.22524
859,0.279126716,"[42625, 16, 24192, 9050, 20548]",10202.36227
860,0.265678262,"[25125, 34, 16692, 6550, 27048]",10214.19027
861,0.310779484,"[20750, 12, 22317, 7175, 28673]",10225.73677
862,0.272276004,"[38250, 29, 29817, 9675, 22173]",10237.59065
863,0.251921528,"[29500, 21, 18567, 5925, 18923]",10249.04002
864,0.269163733,"[12000, 38, 26067, 8425, 25423]",10260.92522
865,0.323106783,"[11453, 10, 28176, 9285, 23189]",10272.5505
866,0.282567718,"[28953, 28, 20676, 6785, 29689]",10284.49028
867,0.291208535,"[37703, 19, 24426, 8035, 26439]",10295.94549
868,0.242290383,"[20203, 37, 16926, 5535, 19939]",10308.3565
869,0.244818703,"[24578, 23, 18801, 6160, 18314]",10320.25199
870,0.281296078,"[42078, 41, 26301, 8660, 24814]",10332.06628
871,0.296196249,"[33328, 15, 15051, 7410, 28064]",10343.61766
872,0.251799765,"[15828, 32, 22551, 9910, 21564]",10355.58918
873,0.282960727,"[18015, 21, 15989, 8347, 28876]",10367.17639
874,0.265921605,"[35515, 39, 23489, 5847, 22376]",10379.23023
875,0.28160313,"[44265, 12, 19739, 9597, 19126]",10390.5844
876,0.271386532,"[26765, 30, 27239, 7097, 25626]",10402.03251
877,0.278094335,"[22390, 17, 25364, 6472, 24001]",10413.18912
878,0.250484161,"[39890, 34, 17864, 8972, 17501]",10424.51189
879,0.262870144,"[31140, 26, 29114, 5222, 20751]",10436.15575
880,0.270049433,"[13640, 43, 21614, 7722, 27251]",10448.17905
881,0.251197907,"[12546, 27, 23958, 7253, 19533]",10460.27541
882,0.267861426,"[30046, 44, 16458, 9753, 26033]",10472.39255
883,0.306346559,"[38796, 18, 27708, 6003, 29283]",10484.24565
884,0.253109502,"[21296, 35, 20208, 8503, 22783]",10496.3734
885,0.269803894,"[25671, 14, 18333, 7878, 21158]",10507.59944
886,0.289344866,"[43171, 31, 25833, 5378, 27658]",10519.06537
887,0.276438822,"[34421, 22, 22083, 9128, 24408]",10530.83838
888,0.245672926,"[16921, 40, 29583, 6628, 17908]",10542.9649
889,0.287847318,"[14734, 16, 21145, 5066, 25220]",10554.83906
890,0.254725326,"[32234, 33, 28645, 7566, 18720]",10566.61229
891,0.267742746,"[40984, 25, 17395, 6316, 21970]",10578.43453
892,0.274818403,"[23484, 42, 24895, 8816, 28470]",10590.86318
893,0.284533005,"[19109, 20, 26770, 9441, 26845]",10602.65285
894,0.257933276,"[36609, 38, 19270, 6941, 20345]",10614.95743
895,0.266545241,"[27859, 11, 23020, 8191, 17095]",10626.83362
896,0.262797572,"[10359, 29, 15520, 5691, 23595]",10638.77119
897,0.254590007,"[10496, 26, 27063, 8445, 18466]",10650.36233
898,0.265528121,"[27996, 44, 19563, 5945, 24966]",10662.84797
899,0.299693919,"[36746, 17, 23313, 9695, 28216]",10674.54793
900,0.246127222,"[19246, 35, 15813, 7195, 21716]",10686.55878
901,0.283617174,"[23621, 13, 21438, 6570, 23341]",10698.3557
902,0.296868211,"[41121, 30, 28938, 9070, 29841]",10710.29324
903,0.279121762,"[32371, 22, 17688, 5320, 26591]",10722.03951
904,0.249422706,"[14871, 39, 25188, 7820, 20091]",10734.28578
905,0.281532706,"[17058, 15, 18625, 8757, 24154]",10745.92961
906,0.251726886,"[34558, 33, 26125, 6257, 17654]",10757.91861
907,0.27013553,"[43308, 24, 22375, 7507, 20904]",10770.19543
908,0.276882671,"[25808, 41, 29875, 5007, 27404]",10782.54102
909,0.291995068,"[21433, 19, 24250, 5632, 29029]",10794.50631
910,0.26414227,"[38933, 37, 16750, 8132, 22529]",10806.65982
911,0.280281744,"[30183, 11, 28000, 6882, 19279]",10818.62295
912,0.27056983,"[12683, 28, 20500, 9382, 25779]",10830.06402
913,0.291898357,"[13777, 12, 25657, 5476, 21310]",10842.14969
914,0.275745807,"[31277, 29, 18157, 7976, 27810]",10854.01448
915,0.287419262,"[40027, 21, 29407, 6726, 24560]",10865.86782
916,0.241976189,"[22527, 38, 21907, 9226, 18060]",10878.0397
917,0.247958826,"[26902, 25, 16282, 9851, 19685]",10890.05682
918,0.28574816,"[44402, 42, 23782, 7351, 26185]",10902.19396
919,0.303143724,"[35652, 16, 20032, 8601, 29435]",10914.05058
920,0.258472772,"[18152, 34, 27532, 6101, 22935]",10925.97701
921,0.276624925,"[15964, 23, 19094, 7039, 26998]",10937.86283
922,0.261467116,"[33464, 40, 26594, 9539, 20498]",10949.76703
923,0.264104516,"[42214, 14, 15344, 5789, 17248]",10961.50655
924,0.260456556,"[24714, 31, 22844, 8289, 23748]",10973.60771
925,0.283340166,"[20339, 18, 28469, 7664, 25373]",10985.33376
926,0.255459576,"[37839, 36, 20969, 5164, 18873]",10997.5387
927,0.261851213,"[29089, 27, 24719, 8914, 22123]",11009.10692
928,0.273337367,"[11589, 45, 17219, 6414, 28623]",11020.87119
929,0.269516187,"[12136, 17, 22141, 6179, 19888]",11031.87532
930,0.276265781,"[29636, 34, 29641, 8679, 26388]",11043.92388
931,0.291134483,"[38386, 25, 18391, 7429, 29638]",11056.14395
932,0.259912882,"[20886, 43, 25891, 9929, 23138]",11068.00761
933,0.264827149,"[25261, 21, 27766, 9304, 21513]",11079.89212
934,0.285793435,"[42761, 39, 20266, 6804, 28013]",11092.00139
935,0.299267404,"[34011, 12, 24016, 8054, 24763]",11103.76405
936,0.236634972,"[16511, 30, 16516, 5554, 18263]",11115.68481
937,0.272632018,"[18699, 23, 23079, 6492, 25576]",11127.66098
938,0.252685324,"[36199, 41, 15579, 8992, 19076]",11139.45728
939,0.291769118,"[44949, 15, 26829, 5242, 22326]",11151.16752
940,0.275534451,"[27449, 32, 19329, 7742, 28826]",11162.74041
941,0.307714361,"[23074, 10, 17454, 8367, 27201]",11174.70174
942,0.266586806,"[40574, 28, 24954, 5867, 20701]",11186.76751
943,0.252617288,"[31824, 19, 21204, 9617, 17451]",11198.49341
944,0.264269075,"[14324, 36, 28704, 7117, 23951]",11210.65138
945,0.266688011,"[13230, 20, 15110, 7898, 22732]",11222.64237
946,0.280268293,"[30730, 37, 22610, 5398, 29232]",11235.07261
947,0.306665114,"[39480, 11, 18860, 9148, 25982]",11246.84408
948,0.24873647,"[21980, 29, 26360, 6648, 19482]",11258.95727
949,0.257353775,"[26355, 16, 24485, 7273, 17857]",11270.47242
950,0.273288712,"[43855, 33, 16985, 9773, 24357]",11282.1846
951,0.28925717,"[35105, 24, 28235, 6023, 27607]",11293.50823
952,0.249458534,"[17605, 42, 20735, 8523, 21107]",11305.52538
953,0.317611355,"[15417, 13, 29172, 9460, 28419]",11317.35371
954,0.260297824,"[32917, 31, 21672, 6960, 21919]",11329.15353
955,0.265613446,"[41667, 22, 25422, 8210, 18669]",11340.9353
956,0.26061905,"[24167, 40, 17922, 5710, 25169]",11353.09662
957,0.258214548,"[19792, 27, 19797, 5085, 23544]",11365.14424
958,0.258492947,"[37292, 44, 27297, 7585, 17044]",11377.48043
959,0.258499488,"[28542, 18, 16047, 6335, 20294]",11389.66947
960,0.274030523,"[11042, 35, 23547, 8835, 26794]",11401.34717
961,0.319831214,"[10769, 13, 16868, 7000, 26490]",11413.04465
962,0.252865691,"[28269, 30, 24368, 9500, 19990]",11424.53814
963,0.273985284,"[37019, 21, 20618, 5750, 23240]",11436.418
964,0.279443307,"[19519, 39, 28118, 8250, 29740]",11448.55395
965,0.280358101,"[23894, 26, 26243, 7625, 28115]",11459.98459
966,0.267608348,"[41394, 43, 18743, 5125, 21615]",11472.00897
967,0.265957406,"[32644, 17, 29993, 8875, 18365]",11483.92184
968,0.262100949,"[15144, 34, 22493, 6375, 24865]",11496.09591
969,0.259289435,"[17332, 19, 29055, 5437, 19177]",11507.9954
970,0.272658678,"[34832, 37, 21555, 7937, 25677]",11520.07841
971,0.329540386,"[43582, 10, 25305, 6687, 28927]",11531.31112
972,0.255041249,"[26082, 28, 17805, 9187, 22427]",11543.04422
973,0.265943596,"[21707, 15, 19680, 9812, 20802]",11554.35522
974,0.285578471,"[39207, 32, 27180, 7312, 27302]",11566.60114
975,0.265234717,"[30457, 24, 15930, 8562, 24052]",11578.71807
976,0.241604717,"[12957, 41, 23430, 6062, 17552]",11590.59414
977,0.286319652,"[14050, 25, 21086, 9031, 29333]",11602.16379
978,0.268464185,"[31550, 42, 28586, 6531, 22833]",11613.76893
979,0.26862959,"[40300, 16, 17336, 7781, 19583]",11624.73808
980,0.267459178,"[22800, 33, 24836, 5281, 26083]",11635.8274
981,0.296400821,"[27175, 12, 26711, 5906, 24458]",11646.86826
982,0.257721144,"[44675, 29, 19211, 8406, 17958]",11657.72048
983,0.269181452,"[35925, 20, 22961, 7156, 21208]",11668.6036
984,0.264519666,"[18425, 38, 15461, 9656, 27708]",11679.47771
985,0.269742945,"[16238, 18, 23899, 8718, 22021]",11690.5856
986,0.276108861,"[33738, 36, 16399, 6218, 28521]",11702.12081
987,0.285221202,"[42488, 27, 27649, 9968, 25271]",11713.44796
988,0.246899818,"[24988, 44, 20149, 7468, 18771]",11725.52968
989,0.239740253,"[20613, 22, 18274, 6843, 17146]",11738.10614
990,0.273742875,"[38113, 40, 25774, 9343, 23646]",11751.10647
991,0.296945168,"[29363, 14, 22024, 5593, 26896]",11763.31777
992,0.256375457,"[11863, 31, 29524, 8093, 20396]",11775.88474
993,0.284460509,"[11316, 22, 25071, 9578, 25068]",11786.83635
994,0.245389369,"[28816, 39, 17571, 7078, 18568]",11798.51172
995,0.290107036,"[37566, 13, 28821, 8328, 21818]",11810.18964
996,0.271956148,"[20066, 31, 21321, 5828, 28318]",11822.88141
997,0.291980174,"[24441, 18, 15696, 5203, 29943]",11835.61452
998,0.27347159,"[41941, 35, 23196, 7703, 23443]",11848.0886
999,0.255625018,"[33191, 26, 19446, 6453, 20193]",11860.4151
1000,0.270998235,"[15691, 44, 26946, 8953, 26693]",11873.45225
1001,0.26749266,"[17878, 11, 20383, 8015, 17755]",11886.04733
1002,0.275291417,"[35378, 28, 27883, 5515, 24255]",11898.57756
1003,0.293420473,"[44128, 20, 16633, 9265, 27505]",11911.24599
1004,0.254687417,"[26628, 37, 24133, 6765, 21005]",11923.63486
1005,0.265347085,"[22253, 24, 29758, 7390, 22630]",11936.23936
1006,0.287990412,"[39753, 42, 22258, 9890, 29130]",11948.62879
1007,0.294263121,"[31003, 15, 26008, 6140, 25880]",11961.38962
1008,0.24232253,"[13503, 33, 18508, 8640, 19380]",11974.40388
1009,0.311191399,"[12410, 16, 27415, 6296, 27912]",11986.75547
1010,0.254767866,"[29910, 34, 19915, 8796, 21412]",11999.52812
1011,0.257771428,"[38660, 25, 23665, 5046, 18162]",12012.23173
1012,0.257257297,"[21160, 43, 16165, 7546, 24662]",12025.33861
1013,0.277705828,"[25535, 21, 21790, 8171, 26287]",12037.86734
1014,0.269770682,"[43035, 38, 29290, 5671, 19787]",12050.78921
1015,0.288245162,"[34285, 12, 18040, 9421, 23037]",12062.87755
1016,0.280901539,"[16785, 30, 25540, 6921, 29537]",12075.41761
1017,0.247749326,"[14597, 27, 17102, 5984, 20599]",12087.97782
1018,0.278465436,"[32097, 45, 24602, 8484, 27099]",12101.30681
1019,0.282267112,"[40847, 19, 20852, 7234, 23849]",12114.00972
1020,0.244451415,"[23347, 36, 28352, 9734, 17349]",12126.67287
1021,0.264013932,"[18972, 14, 22727, 9109, 18974]",12139.13041
1022,0.26916356,"[36472, 32, 15227, 6609, 25474]",12152.20862
1023,0.288308887,"[27722, 23, 26477, 7859, 28724]",12164.96586
1024,0.256205213,"[10222, 41, 18977, 5359, 22224]",12177.82585
1025,0.268577349,"[16597, 30, 21372, 6665, 26737]",12192.35694
1026,0.268577349,"[16597, 30, 21372, 6665, 26737]",12203.70925
1027,0.268577349,"[16597, 30, 21372, 6665, 26737]",12215.59592
1028,0.268577349,"[16597, 30, 21372, 6665, 26737]",12227.91374
1029,0.268577349,"[16597, 30, 21372, 6665, 26737]",12240.67079
1030,0.268577349,"[16597, 30, 21372, 6665, 26737]",12253.48373
1031,0.278843228,"[43257, 28, 21079, 5708, 24757]",12266.54133
1032,0.278843228,"[43257, 28, 21079, 5708, 24757]",12278.73817
1033,0.278843228,"[43257, 28, 21079, 5708, 24757]",12290.97713
1034,0.278843228,"[43257, 28, 21079, 5708, 24757]",12303.79877
1035,0.278843228,"[43257, 28, 21079, 5708, 24757]",12316.49816
1036,0.278843228,"[43257, 28, 21079, 5708, 24757]",12328.81061
1037,0.261405584,"[13179, 33, 16626, 5942, 25366]",12341.67395
1038,0.261405584,"[13179, 33, 16626, 5942, 25366]",12354.00394
1039,0.261405584,"[13179, 33, 16626, 5942, 25366]",12366.78863
1040,0.261405584,"[13179, 33, 16626, 5942, 25366]",12379.96262
1041,0.261405584,"[13179, 33, 16626, 5942, 25366]",12393.07093
1042,0.261405584,"[13179, 33, 16626, 5942, 25366]",12406.08971
1043,0.278582266,"[40933, 29, 17974, 9517, 26229]",12418.67936
1044,0.278582266,"[40933, 29, 17974, 9517, 26229]",12430.64711
1045,0.278582266,"[40933, 29, 17974, 9517, 26229]",12442.53166
1046,0.278582266,"[40933, 29, 17974, 9517, 26229]",12454.56146
1047,0.278582266,"[40933, 29, 17974, 9517, 26229]",12467.30435
1048,0.278582266,"[40933, 29, 17974, 9517, 26229]",12480.14292
1049,0.280118218,"[14290, 28, 16736, 7844, 29879]",12492.93575
1050,0.280118218,"[14290, 28, 16736, 7844, 29879]",12505.9286
1051,0.280118218,"[14290, 28, 16736, 7844, 29879]",12517.93824
1052,0.280118218,"[14290, 28, 16736, 7844, 29879]",12530.72485
1053,0.280118218,"[14290, 28, 16736, 7844, 29879]",12543.22796
1054,0.280118218,"[14290, 28, 16736, 7844, 29879]",12555.47528
1055,0.248401285,"[35242, 26, 16809, 7683, 18009]",12567.42323
1056,0.248401285,"[35242, 26, 16809, 7683, 18009]",12579.30953
1057,0.248401285,"[35242, 26, 16809, 7683, 18009]",12591.71136
1058,0.248401285,"[35242, 26, 16809, 7683, 18009]",12604.13238
1059,0.248401285,"[35242, 26, 16809, 7683, 18009]",12616.50617
1060,0.248401285,"[35242, 26, 16809, 7683, 18009]",12628.05564
1061,0.276944922,"[18101, 21, 27173, 8052, 25163]",12640.30718
1062,0.276944922,"[18101, 21, 27173, 8052, 25163]",12652.06185
1063,0.276944922,"[18101, 21, 27173, 8052, 25163]",12664.04688
1064,0.276944922,"[18101, 21, 27173, 8052, 25163]",12676.3924
1065,0.276944922,"[18101, 21, 27173, 8052, 25163]",12688.36164
1066,0.276944922,"[18101, 21, 27173, 8052, 25163]",12700.29848
1067,0.272801886,"[36968, 35, 19087, 7544, 25874]",12711.59445
1068,0.272801886,"[36968, 35, 19087, 7544, 25874]",12722.93277
1069,0.272801886,"[36968, 35, 19087, 7544, 25874]",12734.07756
1070,0.272801886,"[36968, 35, 19087, 7544, 25874]",12746.5894
1071,0.272801886,"[36968, 35, 19087, 7544, 25874]",12759.32132
1072,0.272801886,"[36968, 35, 19087, 7544, 25874]",12772.0119
1073,0.236634972,"[16511, 30, 16516, 5554, 18263]",12784.16959
1074,0.236634972,"[16511, 30, 16516, 5554, 18263]",12796.0991
1075,0.236634972,"[16511, 30, 16516, 5554, 18263]",12807.1071
1076,0.236634972,"[16511, 30, 16516, 5554, 18263]",12818.63735
1077,0.236634972,"[16511, 30, 16516, 5554, 18263]",12831.246
1078,0.236634972,"[16511, 30, 16516, 5554, 18263]",12843.65083
1079,0.287829823,"[32473, 29, 27107, 8293, 29321]",12856.01103
1080,0.287829823,"[32473, 29, 27107, 8293, 29321]",12868.49757
1081,0.287829823,"[32473, 29, 27107, 8293, 29321]",12881.17873
1082,0.287829823,"[32473, 29, 27107, 8293, 29321]",12893.88035
1083,0.287829823,"[32473, 29, 27107, 8293, 29321]",12906.39632
1084,0.287829823,"[32473, 29, 27107, 8293, 29321]",12919.14132
1085,0.23604014,"[19006, 41, 16824, 9827, 17463]",12931.51594
1086,0.23604014,"[19006, 41, 16824, 9827, 17463]",12944.10407
1087,0.23604014,"[19006, 41, 16824, 9827, 17463]",12956.61703
1088,0.23604014,"[19006, 41, 16824, 9827, 17463]",12969.38556
1089,0.23604014,"[19006, 41, 16824, 9827, 17463]",12982.50163
1090,0.23604014,"[19006, 41, 16824, 9827, 17463]",12995.22127
